rank,region,mean_rank_x0,mean_rank_susc,mean_rank_infl,x0_crit__Anderson_1,x0_crit__Anderson_2,x0_crit__Arnold_1,x0_crit__Arnold_3,x0_crit__Arnold_4,D_susc__Anderson_1,D_susc__Anderson_2,D_susc__Arnold_1,D_susc__Arnold_3,D_susc__Arnold_4,D_infl__Anderson_1,D_infl__Anderson_2,D_infl__Arnold_1,D_infl__Arnold_3,D_infl__Arnold_4
1,L-ISOCORTEX_MASK,1.4,3.4,3.4,-2.056953125,-2.057109375,-2.055234375,-2.056484375,-2.06171875,578.204155618625,578.569575183777,574.467063572472,577.291548108924,588.839274698521,578.204155618625,578.569575183777,574.467063572472,577.291548108924,588.839274698521
2,R-ISOCORTEX_MASK,2.4,4.4,4.4,-2.056171875,-2.058203125,-2.057109375,-2.05578125,-2.0390625,576.497289557682,580.915148756868,578.627491579227,575.747874580192,541.864542102554,576.497289557682,580.915148756868,578.627491579227,575.747874580192,541.864542102554
3,L-THALAMUS_AUDITORY,3.6,5.6,5.6,-2.038828125,-2.04328125,-2.040546875,-2.0409375,-2.048828125,541.387363806224,549.992892827435,544.654829765829,545.440661004767,561.159083054567,541.387363806224,549.992892827435,544.654829765829,545.440661004767,561.159083054567
4,R-THALAMUS_AUDITORY,5,7,7,-2.04796875,-2.047578125,-1.978125,-2.0321875,-2.0484375,559.305267083975,558.536369121421,445.992670718832,529.04011280458,560.34610033426,559.305267083975,558.536369121421,445.992670718832,529.04011280458,560.34610033426
5,L-BASALGANGLIA_PALLIDUM,6.8,8.8,8.8,-2.012578125,-2.02953125,-2.008046875,-2.04921875,-2.0246875,495.629468098263,524.264953926461,488.465910667371,561.828760869516,515.668911571172,495.629468098263,524.264953926461,488.465910667371,561.828760869516,515.668911571172
6,R-THALAMUS_VISUAL,6.8,8.8,8.8,-2.027109375,-2.003203125,-2.0153125,-2.023828125,-2.0346875,519.935598318782,481.058662471116,499.94699913927,514.228518300034,533.494525094027,519.935598318782,481.058662471116,499.94699913927,514.228518300034,533.494525094027
7,R-BASALGANGLIA_PALLIDUM,7,9,9,-2.0228125,-2.000078125,-2.03828125,-2.012578125,-2.039609375,512.480159916501,476.42469744575,540.251419598761,495.542804313587,542.899762523831,512.480159916501,476.42469744575,540.251419598761,495.542804313587,542.899762523831
8,L-EPITHALAMUS/HABENULA,8.6,10.6,10.6,-1.97046875,-2.00421875,-1.968984375,-2.018828125,-2.051796875,436.313863519206,482.605556646454,434.567511315619,505.793199532207,567.272474049253,436.313863519206,482.605556646454,434.567511315619,505.793199532207,567.272474049253
9,L-THALAMUS_VISUAL,9,11,11,-1.988671875,-2.029375,-1.982734375,-2.02046875,-2.011953125,460.12253507054,523.954793526252,452.083285932034,508.486779666884,494.502534474604,460.12253507054,523.954793526252,452.083285932034,508.486779666884,494.502534474604
10,R-EPITHALAMUS/HABENULA,9,11,11,-2.005,-2.036015625,-2.015703125,-2.0078125,-1.952734375,483.788826990111,536.097238478749,500.640401603433,488.110024787662,415.412435032056,483.788826990111,536.097238478749,500.640401603433,488.110024787662,415.412435032056
11,R-LIMBIC_CORTEX,10.4,12.4,12.4,-2.013359375,-1.995546875,-2,-2.003359375,-1.984921875,496.798353782428,469.819882768482,476.310868059994,481.215942751831,455.016272302364,496.798353782428,469.819882768482,476.310868059994,481.215942751831,455.016272302364
12,L-LIMBIC_CORTEX,12,14,14,-2.018828125,-1.97390625,-1.962578125,-1.9584375,-1.994140625,505.725141842361,440.665282548307,426.757272557345,421.899236386106,467.74745562691,505.725141842361,440.665282548307,426.757272557345,421.899236386106,467.74745562691
13,R-GLOBAL_MASKS,14,16,16,-1.896484375,-1.959296875,-1.96484375,-1.940390625,-2.026015625,360.597245467247,422.92150957867,429.463179743075,402.009175270776,518.043721522143,360.597245467247,422.92150957867,429.463179743075,402.009175270776,518.043721522143
14,R-SEPTUM,14.6,16.6,16.6,-1.983984375,-1.94125,-1.957578125,-1.96875,-1.9365625,453.701225526338,402.967543787184,420.916525609086,434.205199940076,398.072563629021,453.701225526338,402.967543787184,420.916525609086,434.205199940076,398.072563629021
15,L-GLOBAL_MASKS,14.8,16.8,16.8,-1.92890625,-1.87359375,-1.948203125,-1.995390625,-2.0246875,390.289246458841,342.260500193056,410.415122934904,469.506040662913,515.651966972501,390.289246458841,342.260500193056,410.415122934904,469.506040662913,515.651966972501
16,L-CORTEX_GUSTATORY,15.8,17.8,17.8,-1.966953125,-1.9521875,-1.966875,-1.89359375,-1.90921875,432.076435429432,414.860853163388,431.988917060102,358.223164351316,371.708803220647,432.076435429432,414.860853163388,431.988917060102,358.223164351316,371.708803220647
17,L-SEPTUM,15.8,17.8,17.8,-1.969609375,-1.9159375,-1.899921875,-1.95234375,-1.974140625,435.303917423568,377.885330491025,363.578828007292,415.014263381577,440.91888313841,435.303917423568,377.885330491025,363.578828007292,415.014263381577,440.91888313841
18,R-CORTEX_GUSTATORY,16.2,18.2,18.2,-1.93484375,-2.010546875,-1.880703125,-1.91,-1.898671875,396.303623266103,492.325138903588,347.756662509884,372.426528294738,362.511184299593,396.303623266103,492.325138903588,347.756662509884,372.426528294738,362.511184299593
19,L-BASAL_FOREBRAIN,17.8,19.8,19.8,-1.86578125,-1.94703125,-1.9296875,-1.927890625,-1.87203125,336.395197854374,409.150847703623,391.123074956214,389.331478451154,341.08109603838,336.395197854374,409.150847703623,391.123074956214,389.331478451154,341.08109603838
20,R-BASAL_FOREBRAIN,21,23,23,-1.783125,-1.849140625,-1.899140625,-1.9425,-1.6196875,284.851241667326,324.552641865212,362.912456340518,404.227870646276,218.585547250967,284.851241667326,324.552641865212,362.912456340518,404.227870646276,218.585547250967
21,R-AMYGDALA,24.8,26.8,26.8,-1.575859375,-1.791328125,-1.738984375,-1.7090625,-1.843515625,205.748406389534,289.258630904375,263.294607715096,250.461707598901,320.734815788347,205.748406389534,289.258630904375,263.294607715096,250.461707598901,320.734815788347
22,L-AMYGDALA,27,29,29,-1.638203125,-1.610703125,-1.785859375,-1.729375,-1.63015625,224.506098356777,215.818693322673,286.318832882969,259.018728332707,221.893493573423,224.506098356777,215.818693322673,286.318832882969,259.018728332707,221.893493573423
23,R-CORTEX_INSULAR,27.4,29.4,29.4,-1.71609375,-1.798984375,-1.54828125,-1.704609375,-1.459921875,253.336465205069,293.49578780666,198.408005401252,248.631806926152,178.060206984886,253.336465205069,293.49578780666,198.408005401252,248.631806926152,178.060206984886
24,R-CRANIAL_NERVES,27.8,29.8,29.8,-1.60109375,-1.658203125,-1.69265625,-1.60859375,-1.679609375,212.939360483354,231.279803948178,243.91424678765,215.176784239416,238.975824232628,212.939360483354,231.279803948178,243.91424678765,215.176784239416,238.975824232628
25,L-CORTEX_AUDITORY,28.2,30.2,30.2,-1.84203125,-1.773359375,-1.46578125,-1.477578125,-1.675625,319.762910423053,279.790382408213,179.26693214051,181.787809932824,237.491379729434,319.762910423053,279.790382408213,179.26693214051,181.787809932824,237.491379729434
26,R-CORTEX_AUDITORY,28.2,30.2,30.2,-1.72328125,-1.681875,-1.564296875,-1.64546875,-1.557421875,256.399423852058,239.821928869857,202.605033877481,226.902973725484,200.786899050857,256.399423852058,239.821928869857,202.605033877481,226.902973725484,200.786899050857
27,R-CORTEX_PREFRONTAL,28.2,30.2,30.2,-1.75734375,-1.514921875,-1.650625,-1.771796875,-1.474375,271.851262602579,190.196692316364,228.669889935879,278.973572107851,181.093538966735,271.851262602579,190.196692316364,228.669889935879,278.973572107851,181.093538966735
28,R-VENTRICLES_CSF,28.6,30.6,30.6,-1.70109375,-1.616015625,-1.722890625,-1.497890625,-1.640859375,247.245915798203,217.451137391893,256.224477426495,186.265954581104,225.364918614171,247.245915798203,217.451137391893,256.224477426495,186.265954581104,225.364918614171
29,L-CORTEX_INSULAR,28.8,30.8,30.8,-1.725859375,-1.71453125,-1.664296875,-1.64703125,-1.395078125,257.507234344502,252.681767165244,233.398045431062,227.429041466462,165.59125795184,257.507234344502,252.681767165244,233.398045431062,227.429041466462,165.59125795184
30,L-CRANIAL_NERVES,31.2,33.2,33.2,-1.507109375,-1.55,-1.7546875,-1.524609375,-1.46125,188.372511557808,198.851257382197,270.576947620358,192.524447229519,178.33579071832,188.372511557808,198.851257382197,270.576947620358,192.524447229519,178.33579071832
31,L-CORTEX_PREFRONTAL,31.4,33.4,33.4,-1.690859375,-1.47,-1.542421875,-1.772421875,-1.424921875,243.222121200873,180.170421739556,196.920147471464,279.306060028888,171.103223098893,243.222121200873,180.170421739556,196.920147471464,279.306060028888,171.103223098893
32,L-VENTRICLES_CSF,31.6,33.6,33.6,-1.592265625,-1.540625,-1.49265625,-1.573359375,-1.630703125,210.376317469192,196.457428601112,185.0899183255,205.043172766683,222.067653850772,210.376317469192,196.457428601112,185.0899183255,205.043172766683,222.067653850772
33,R-CORTEX_TEMPORAL_ASSOC,32.6,34.6,34.6,-1.79734375,-1.78703125,-1.485703125,-1.426015625,-1.307578125,292.550056851292,286.925069171354,183.547192247489,171.306843971704,151.28802711684,292.550056851292,286.925069171354,183.547192247489,171.306843971704,151.28802711684
34,R-CORTEX_RETROSPLENIAL,32.8,34.8,34.8,-1.320703125,-1.784921875,-1.407265625,-1.44953125,-1.738515625,153.270601478887,285.796667829967,167.792905358848,175.928546166399,263.093758171686,153.270601478887,285.796667829967,167.792905358848,175.928546166399,263.093758171686
35,R-HYPOTHALAMUS,33.6,35.6,35.6,-1.453203125,-1.7178125,-1.720703125,-1.543515625,-1.159609375,176.676471519231,254.083062104532,255.298876480947,197.197694906917,131.996728435245,176.676471519231,254.083062104532,255.298876480947,197.197694906917,131.996728435245
36,L-CORTEX_RETROSPLENIAL,34.8,36.8,36.8,-1.284140625,-1.366875,-1.57140625,-1.445703125,-1.778515625,147.873447620778,160.694062422256,204.51408688005,175.167015672242,282.452019793237,147.873447620778,160.694062422256,204.51408688005,175.167015672242,282.452019793237
37,L-HYPOTHALAMUS,34.8,36.8,36.8,-1.35109375,-1.430234375,-1.769140625,-1.4828125,-1.4175,158.082181004877,172.129328481896,277.643775073991,182.914955026872,169.712242773819,158.082181004877,172.129328481896,277.643775073991,182.914955026872,169.712242773819
38,L-CORTEX_TEMPORAL_ASSOC,35.4,37.4,37.4,-1.66234375,-1.642265625,-1.3990625,-1.368671875,-1.4321875,232.72798664218,225.847748520234,166.303554629255,160.995114008416,172.496331356158,232.72798664218,225.847748520234,166.303554629255,160.995114008416,172.496331356158
39,L-HIPPOCAMPAL FORMATION,38.4,40.4,40.4,-1.367109375,-1.414375,-1.514140625,-1.53953125,-1.16390625,160.733449097924,169.105703326606,190.01066927904,196.187473887178,132.484056461247,160.733449097924,169.105703326606,190.01066927904,196.187473887178,132.484056461247
40,R-PARAHIPPOCAMPAL/ENTORHINAL,38.8,40.8,40.8,-1.713984375,-1.618125,-1.4121875,-1.129296875,-1.2884375,252.484798348335,218.095632849312,168.703896019348,128.628176893669,148.475989259784,252.484798348335,218.095632849312,168.703896019348,128.628176893669,148.475989259784
41,L-MEDULLA,40.4,42.4,42.4,-1.24953125,-1.23765625,-1.244453125,-1.4171875,-1.576796875,143.07737413399,141.504504990506,142.41531661673,169.628613064802,205.987584539203,143.07737413399,141.504504990506,142.41531661673,169.628613064802,205.987584539203
42,L-PARAHIPPOCAMPAL/ENTORHINAL,42.8,44.8,44.8,-1.39546875,-1.44640625,-1.222578125,-1.306484375,-1.15984375,165.656651144888,175.302869069008,139.566386317262,151.116038193026,132.021972338498,165.656651144888,175.302869069008,139.566386317262,151.116038193026,132.021972338498
43,R-HIPPOCAMPAL FORMATION,42.8,44.8,44.8,-1.325390625,-1.15453125,-1.17125,-1.42296875,-1.443359375,153.99105572542,131.419147076116,133.326131110802,170.729996968673,174.692783918588,153.99105572542,131.419147076116,133.326131110802,170.729996968673,174.692783918588
44,R-MEDULLA,43.2,45.2,45.2,-1.245859375,-1.297890625,-1.377734375,-1.229375,-1.429140625,142.59452653726,149.845984982389,162.548123865573,140.430241612335,171.898485689624,142.59452653726,149.845984982389,162.548123865573,140.430241612335,171.898485689624
45,R-PONS,45.8,47.8,47.8,-1.3571875,-1.32453125,-1.03921875,-1.288828125,-1.206875,159.070987416551,153.863976945261,119.580032110143,148.534245357371,137.593940413558,159.070987416551,153.863976945261,119.580032110143,148.534245357371,137.593940413558
46,L-THALAMUS,48.2,50.2,50.2,-1.03921875,-1.04046875,-1.17953125,-1.341796875,-1.312578125,119.574665309994,119.692020149327,134.303484950832,156.57894538166,152.045722501436,119.574665309994,119.692020149327,134.303484950832,156.57894538166,152.045722501436
47,L-BASALGANGLIA_STRIATUM,48.8,50.8,50.8,-1.170546875,-1.082265625,-1.16453125,-1.120234375,-1.350234375,133.259232383932,123.740009881023,132.560432621341,127.663539165072,157.935524007476,133.259232383932,123.740009881023,132.560432621341,127.663539165072,157.935524007476
48,L-PONS,49.6,51.6,51.6,-1.1175,-1.180078125,-1.1675,-1.261328125,-1.12984375,127.363316916696,134.361709662684,132.90014503714,144.68099392218,128.684065746877,127.363316916696,134.361709662684,132.90014503714,144.68099392218,128.684065746877
49,R-CEREBELLUM,50,52,52,-1.17921875,-1.1634375,-1.1303125,-1.15203125,-1.133671875,134.262660546786,132.426604467669,128.743623818102,131.135926482261,129.097518665441,134.262660546786,132.426604467669,128.743623818102,131.135926482261,129.097518665441
50,L-CORTEX_MOTOR,50.6,50.4,50.4,-1.15890625,NaN,-1.228984375,-1.445859375,-1.096328125,131.911909217672,114.796885527172,140.386196263481,175.195308022979,125.164162694182,131.911909217672,114.796885527172,140.386196263481,175.195308022979,125.164162694182
51,R-BASALGANGLIA_STRIATUM,50.6,51.6,51.6,-1.393125,-1.155625,NaN,-1.0175,-1.346953125,165.244722137162,131.546004729269,106.319997413314,117.582313007652,157.411895567377,165.244722137162,131.546004729269,106.319997413314,117.582313007652,157.411895567377
52,R-CORTEX_MOTOR,51.8,51.8,51.8,NaN,-1.066640625,-1.23734375,-1.35453125,-1.118046875,113.925155061342,122.195239647389,141.475516954129,158.642715052008,127.431482984166,113.925155061342,122.195239647389,141.475516954129,158.642715052008,127.431482984166
53,R-MIDBRAIN,54.6,55.2,55.2,-1.16125,-1.280078125,NaN,-1.074296875,-1.03765625,132.183736325183,147.288846089045,110.172761899202,122.942529238831,119.425943441719,132.183736325183,147.288846089045,110.172761899202,122.942529238831,119.425943441719
54,L-CEREBELLUM,55.4,54,54,-1.1875,NaN,NaN,-1.240703125,-1.1821875,135.23623649045,112.43034835755,113.363882977954,141.916412952923,134.616168496629,135.23623649045,112.43034835755,113.363882977954,141.916412952923,134.616168496629
55,R-THALAMUS,57,57.2,57.2,-1.068828125,-1.018671875,NaN,-1.10296875,-1.08359375,122.398726281992,117.683575300663,115.020518562754,125.849206825257,123.873860083756,122.398726281992,117.683575300663,115.020518562754,125.849206825257,123.873860083756
56,L-CORTEX_VISUAL,59.2,57.8,57.8,NaN,NaN,-1.067265625,NaN,-1.343828125,108.868047785899,100.789505591964,122.2493088103,98.8326604997241,156.906999221933,108.868047785899,100.789505591964,122.2493088103,98.8326604997241,156.906999221933
57,L-OLFACTORY,59.6,59.2,59.2,NaN,NaN,-1.130546875,-1.2640625,NaN,103.195716870765,95.0946968349513,128.775160991691,145.046172287091,85.1353545919611,103.195716870765,95.0946968349513,128.775160991691,145.046172287091,85.1353545919611
58,R-CORTEX_VISUAL,60.4,58.2,58.2,NaN,-1.184375,-1.046640625,NaN,NaN,106.67478619882,134.871863780298,120.268050106711,105.647115465604,106.787971000597,106.67478619882,134.871863780298,120.268050106711,105.647115465604,106.787971000597
59,R-OLFACTORY,61,60.2,60.2,NaN,NaN,-1.074609375,-1.148359375,NaN,97.5470928661406,109.490825991955,122.984653588878,130.728810211583,97.3562526199758,97.5470928661406,109.490825991955,122.984653588878,130.728810211583,97.3562526199758
60,L-MIDBRAIN,62.8,58.6,58.6,NaN,-1.184921875,NaN,NaN,NaN,114.811720785638,134.932786400209,95.9393384633976,106.732489923721,111.252238791203,114.811720785638,134.932786400209,95.9393384633976,106.732489923721,111.252238791203
61,R-WHITE_MATTER,64.8,61.6,61.6,NaN,NaN,-1.025625,NaN,NaN,112.745650696804,106.889391077345,118.312844275365,104.650723519749,99.8402036351545,112.745650696804,106.889391077345,118.312844275365,104.650723519749,99.8402036351545
62,L-WHITE_MATTER,65,62,62,NaN,NaN,-1.0071875,NaN,NaN,102.798366407511,100.4352059553,116.657447557081,115.794191335354,105.607138496508,102.798366407511,100.4352059553,116.657447557081,115.794191335354,105.607138496508
63,L-CORTEX_SOMATOSENSORY,67,61.4,61.4,NaN,NaN,NaN,NaN,NaN,114.583315069373,113.094345741129,98.8513618086608,91.8073221073563,114.007653323335,114.583315069373,113.094345741129,98.8513618086608,91.8073221073563,114.007653323335
64,L-BACKGROUND,67,1,1,NaN,NaN,NaN,NaN,NaN,589.60063820597,589.60063820597,589.60063820597,589.60063820597,589.60063820597,589.60063820597,589.60063820597,589.60063820597,589.60063820597,589.60063820597
65,R-CORTEX_SOMATOSENSORY,67,62.8,62.8,NaN,NaN,NaN,NaN,NaN,102.519715052932,109.513802101017,108.299474389276,107.432459472013,97.9031701981016,102.519715052932,109.513802101017,108.299474389276,107.432459472013,97.9031701981016
66,R-BACKGROUND,67,2,2,NaN,NaN,NaN,NaN,NaN,589.60063820597,589.60063820597,589.60063820597,589.60063820597,589.60063820597,589.60063820597,589.60063820597,589.60063820597,589.60063820597,589.60063820597
