compact_idx,raw_id,base_raw_id,hemi,name,name_pretty
1,3,3,L,L-AAA,L-AMYGDALA_OTHER
2,12,12,L,L-ACAd1,L-CORTEX_PREFRONTAL
3,13,13,L,L-ACAd2-3,L-CORTEX_PREFRONTAL
4,14,14,L,L-ACAd5,L-CORTEX_PREFRONTAL
5,15,15,L,L-ACAd6a,L-CORTEX_PREFRONTAL
6,16,16,L,L-ACAd6b,L-CORTEX_PREFRONTAL
7,18,18,L,L-ACAv1,L-CORTEX_PREFRONTAL
8,19,19,L,L-ACAv2-3,L-CORTEX_PREFRONTAL
9,20,20,L,L-ACAv5,L-CORTEX_PREFRONTAL
10,22,22,L,L-ACAv6b,L-CORTEX_PREFRONTAL
11,23,23,L,L-ACB,L-BASALGANGLIA_STRIATUM
12,24,24,L,L-aco,L-WHITE_MATTER
13,25,25,L,L-act,L-WHITE_MATTER
14,28,28,L,L-AD,L-THALAMUS
15,31,31,L,L-AHN,L-HYPOTHALAMUS
16,40,40,L,L-AId5,L-CORTEX_INSULAR
17,41,41,L,L-AId6a,L-CORTEX_INSULAR
18,44,44,L,L-AIp1,L-CORTEX_INSULAR
19,45,45,L,L-AIp2-3,L-CORTEX_INSULAR
20,46,46,L,L-AIp5,L-CORTEX_INSULAR
21,47,47,L,L-AIp6a,L-CORTEX_INSULAR
22,50,50,L,L-AIv1,L-CORTEX_INSULAR
23,51,51,L,L-AIv2-3,L-CORTEX_INSULAR
24,52,52,L,L-AIv5,L-CORTEX_INSULAR
25,53,53,L,L-AIv6a,L-CORTEX_INSULAR
26,55,55,L,L-alv,L-WHITE_MATTER
27,57,57,L,L-AMB,L-MEDULLA
28,59,59,L,L-AMBv,L-MEDULLA
29,60,60,L,L-amc,L-AMYGDALA
30,61,61,L,L-AMd,L-THALAMUS
31,62,62,L,L-AMv,L-THALAMUS
32,64,64,L,L-ANcr1,L-THALAMUS
33,68,68,L,L-ANcr2,L-THALAMUS
34,77,77,L,L-AON,L-OLFACTORY
35,86,86,L,L-AP,L-MEDULLA
36,89,89,L,L-APN,L-MIDBRAIN
37,90,90,L,L-AQ,L-VENTRICLES_CSF
38,92,92,L,L-ARH,L-HYPOTHALAMUS
39,94,94,L,L-AT,L-THALAMUS
40,98,98,L,L-AUDd1,L-CORTEX_AUDITORY
41,99,99,L,L-AUDd2-3,L-CORTEX_AUDITORY
42,100,100,L,L-AUDd4,L-CORTEX_AUDITORY
43,101,101,L,L-AUDd5,L-CORTEX_AUDITORY
44,102,102,L,L-AUDd6a,L-CORTEX_AUDITORY
45,103,103,L,L-AUDd6b,L-CORTEX_AUDITORY
46,105,105,L,L-AUDp1,L-CORTEX_AUDITORY
47,106,106,L,L-AUDp2-3,L-CORTEX_AUDITORY
48,107,107,L,L-AUDp4,L-CORTEX_AUDITORY
49,108,108,L,L-AUDp5,L-CORTEX_AUDITORY
50,110,110,L,L-AUDp6b,L-CORTEX_AUDITORY
51,112,112,L,L-AUDpo1,L-CORTEX_AUDITORY
52,113,113,L,L-AUDpo2-3,L-CORTEX_AUDITORY
53,114,114,L,L-AUDpo4,L-CORTEX_AUDITORY
54,115,115,L,L-AUDpo5,L-CORTEX_AUDITORY
55,117,117,L,L-AUDpo6b,L-CORTEX_AUDITORY
56,120,120,L,L-AUDv2-3,L-CORTEX_AUDITORY
57,121,121,L,L-AUDv4,L-CORTEX_AUDITORY
58,122,122,L,L-AUDv5,L-CORTEX_AUDITORY
59,124,124,L,L-AUDv6b,L-CORTEX_AUDITORY
60,125,125,L,L-AV,L-THALAMUS
61,126,126,L,L-AVP,L-THALAMUS
62,127,127,L,L-AVPV,L-HYPOTHALAMUS
63,128,128,L,L-B,L-BASAL_FOREBRAIN
64,129,129,L,L-BA,L-BASAL_FOREBRAIN
65,132,132,L,L-bic,L-WHITE_MATTER
66,134,134,L,L-BLAa,L-AMYGDALA_BLA
67,135,135,L,L-BLAp,L-AMYGDALA_BLA
68,136,136,L,L-BLAv,L-AMYGDALA_BLA
69,138,138,L,L-BMAa,L-AMYGDALA_BMA
70,139,139,L,L-BMAp,L-AMYGDALA_BMA
71,141,141,L,L-bsc,L-WHITE_MATTER
72,142,142,L,L-BST,L-SEPTUM
73,161,161,L,L-CA1,L-HIPPOCAMPAL FORMATION
74,166,166,L,L-CA2,L-HIPPOCAMPAL FORMATION
75,171,171,L,L-CA3,L-HIPPOCAMPAL FORMATION
76,177,177,L,L-CB,L-CEREBELLUM
77,178,178,L,L-cbc,L-CEREBELLUM
78,188,188,L,L-ccg,L-WHITE_MATTER
79,190,190,L,L-ccs,L-WHITE_MATTER
80,193,193,L,L-CEAc,L-AMYGDALA_CE
81,194,194,L,L-CEAl,L-AMYGDALA_CE
82,195,195,L,L-CEAm,L-AMYGDALA_CE
83,197,197,L,L-CENT2,L-CEREBELLUM
84,201,201,L,L-CENT3,L-CEREBELLUM
85,208,208,L,L-chpl,L-VENTRICLES_CSF
86,209,209,L,L-cic,L-MIDBRAIN
87,210,210,L,L-cing,L-LIMBIC_CORTEX
88,212,212,L,L-CLA,L-LIMBIC_CORTEX
89,213,213,L,L-CLI,L-LIMBIC_CORTEX
90,214,214,L,L-CM,L-THALAMUS
91,221,221,L,L-COAa,L-AMYGDALA_CORTICAL
92,226,226,L,L-COApl,L-AMYGDALA_CORTICAL
93,231,231,L,L-COApl3,L-AMYGDALA_CORTICAL
94,238,238,L,L-COPY,L-GLOBAL_MASKS
95,242,242,L,L-CP,L-BASALGANGLIA_STRIATUM
96,243,243,L,L-cpd,L-WHITE_MATTER
97,245,245,L,L-crt,L-WHITE_MATTER
98,247,247,L,L-csc,L-WHITE_MATTER
99,250,250,L,L-cst,L-WHITE_MATTER
100,257,257,L,L-CTXsp,L-ISOCORTEX_MASK
101,258,258,L,L-CU,L-MEDULLA
102,262,262,L,"L-CUL4,_5",L-CEREBELLUM
103,273,273,L,L-CUN,L-MEDULLA
104,281,281,L,L-DCO,L-MEDULLA
105,282,282,L,L-DEC,L-WHITE_MATTER
106,286,286,L,L-df,L-WHITE_MATTER
107,300,300,L,L-DG-mo,L-HIPPOCAMPAL FORMATION
108,301,301,L,L-DG-po,L-HIPPOCAMPAL FORMATION
109,302,302,L,L-DG-sg,L-HIPPOCAMPAL FORMATION
110,304,304,L,L-dhc,L-WHITE_MATTER
111,307,307,L,L-DMH,L-HYPOTHALAMUS
112,311,311,L,L-DMX,L-MEDULLA
113,312,312,L,L-DN,L-CEREBELLUM
114,315,315,L,L-DP,L-CORTEX_PREFRONTAL
115,321,321,L,L-DR,L-MIDBRAIN
116,323,323,L,L-dscp,L-WHITE_MATTER
117,324,324,L,L-DT,L-WHITE_MATTER
118,326,326,L,L-DTN,L-MIDBRAIN
119,328,328,L,L-ec,L-WHITE_MATTER
120,333,333,L,L-ECT5,L-CORTEX_TEMPORAL_ASSOC
121,334,334,L,L-ECT6a,L-CORTEX_TEMPORAL_ASSOC
122,335,335,L,L-ECT6b,L-CORTEX_TEMPORAL_ASSOC
123,337,337,L,L-ee,L-WHITE_MATTER
124,339,339,L,L-em,L-WHITE_MATTER
125,342,342,L,L-ENTl1,L-PARAHIPPOCAMPAL/ENTORHINAL
126,343,343,L,L-ENTl2,L-PARAHIPPOCAMPAL/ENTORHINAL
127,347,347,L,L-ENTl3,L-PARAHIPPOCAMPAL/ENTORHINAL
128,349,349,L,L-ENTl4-5,L-PARAHIPPOCAMPAL/ENTORHINAL
129,352,352,L,L-ENTl6a,L-PARAHIPPOCAMPAL/ENTORHINAL
130,355,355,L,L-ENTm1,L-PARAHIPPOCAMPAL/ENTORHINAL
131,356,356,L,L-ENTm2,L-PARAHIPPOCAMPAL/ENTORHINAL
132,359,359,L,L-ENTm3,L-PARAHIPPOCAMPAL/ENTORHINAL
133,361,361,L,L-ENTm5,L-PARAHIPPOCAMPAL/ENTORHINAL
134,363,363,L,L-ENTm6,L-PARAHIPPOCAMPAL/ENTORHINAL
135,371,371,L,L-EPd,L-EPITHALAMUS/HABENULA
136,375,375,L,L-EPv,L-EPITHALAMUS/HABENULA
137,377,377,L,L-EW,L-MIDBRAIN
138,378,378,L,L-fa,L-WHITE_MATTER
139,380,380,L,L-FF,L-WHITE_MATTER
140,381,381,L,L-fi,L-WHITE_MATTER
141,382,382,L,L-fiber_tracts,L-WHITE_MATTER
142,383,383,L,L-FL,L-WHITE_MATTER
143,387,387,L,L-FN,L-CEREBELLUM
144,388,388,L,L-FOTU,L-CEREBELLUM
145,392,392,L,L-fp,L-WHITE_MATTER
146,394,394,L,L-fr,L-WHITE_MATTER
147,398,398,L,L-FS,L-WHITE_MATTER
148,399,399,L,L-fx,L-WHITE_MATTER
149,405,405,L,L-GPe,L-BASALGANGLIA_PALLIDUM
150,406,406,L,L-GPi,L-BASALGANGLIA_PALLIDUM
151,410,410,L,L-GRN,L-PONS
152,416,416,L,L-GU2-3,L-CORTEX_GUSTATORY
153,417,417,L,L-GU4,L-CORTEX_GUSTATORY
154,418,418,L,L-GU5,L-CORTEX_GUSTATORY
155,419,419,L,L-GU6a,L-CORTEX_GUSTATORY
156,420,420,L,L-GU6b,L-CORTEX_GUSTATORY
157,423,423,L,L-hbc,L-EPITHALAMUS/HABENULA
158,429,429,L,L-HPF,L-HIPPOCAMPAL FORMATION
159,430,430,L,L-HY,L-HYPOTHALAMUS
160,431,431,L,L-IA,L-THALAMUS
161,432,432,L,L-IAD,L-THALAMUS
162,434,434,L,L-IAM,L-THALAMUS
163,438,438,L,L-ICB,L-MIDBRAIN
164,439,439,L,L-ICc,L-MIDBRAIN
165,440,440,L,L-ICd,L-MIDBRAIN
166,441,441,L,L-ICe,L-MIDBRAIN
167,443,443,L,L-icp,L-WHITE_MATTER
168,444,444,L,L-IF,L-MIDBRAIN
169,445,445,L,L-IG,L-THALAMUS
170,446,446,L,L-IGL,L-THALAMUS
171,447,447,L,L-III,L-CRANIAL_NERVES
172,449,449,L,L-IIn,L-CRANIAL_NERVES
173,451,451,L,L-ILA1,L-CORTEX_PREFRONTAL
174,453,453,L,L-ILA2-3,L-CORTEX_PREFRONTAL
175,454,454,L,L-ILA5,L-CORTEX_PREFRONTAL
176,455,455,L,L-ILA6a,L-CORTEX_PREFRONTAL
177,456,456,L,L-ILA6b,L-CORTEX_PREFRONTAL
178,459,459,L,L-IMD,L-THALAMUS
179,461,461,L,L-INC,L-MIDBRAIN
180,462,462,L,L-int,L-CEREBELLUM
181,463,463,L,L-INV,L-MEDULLA
182,465,465,L,L-IP,L-CEREBELLUM
183,468,468,L,L-IPN,L-MIDBRAIN
184,469,469,L,L-IRN,L-MEDULLA
185,472,472,L,L-ISN,L-MEDULLA
186,481,481,L,L-KF,L-PONS
187,482,482,L,L-LA,L-AMYGDALA_LA
188,485,485,L,L-LAV,L-AMYGDALA
189,487,487,L,L-LD,L-THALAMUS
190,488,488,L,L-LDT,L-PONS
191,491,491,L,L-LGd,L-THALAMUS_VISUAL
192,495,495,L,L-LH,L-HYPOTHALAMUS
193,496,496,L,L-LHA,L-HYPOTHALAMUS
194,497,497,L,L-LIN,L-CEREBELLUM
195,498,498,L,L-LING,L-CEREBELLUM
196,502,502,L,L-ll,L-WHITE_MATTER
197,503,503,L,L-LM,L-HYPOTHALAMUS
198,504,504,L,L-lot,L-OLFACTORY
199,506,506,L,L-lotg,L-OLFACTORY
200,508,508,L,L-LPO,L-HYPOTHALAMUS
201,510,510,L,L-LRNm,L-MEDULLA
202,513,513,L,L-LSc,L-SEPTUM
203,514,514,L,L-LSr,L-SEPTUM
204,515,515,L,L-LSv,L-SEPTUM
205,517,517,L,L-LT,L-PONS
206,520,520,L,L-MA,L-HYPOTHALAMUS
207,521,521,L,L-MARN,L-HYPOTHALAMUS
208,522,522,L,L-MB,L-MIDBRAIN
209,527,527,L,L-mcp,L-WHITE_MATTER
210,529,529,L,L-MD,L-THALAMUS
211,536,536,L,L-ME,L-HYPOTHALAMUS
212,537,537,L,L-MEA,L-AMYGDALA_MEDIAL
213,546,546,L,L-MEPO,L-HYPOTHALAMUS
214,549,549,L,L-mfb,L-WHITE_MATTER
215,558,558,L,L-MGd,L-THALAMUS_AUDITORY
216,559,559,L,L-MGm,L-THALAMUS_AUDITORY
217,560,560,L,L-MGv,L-THALAMUS_AUDITORY
218,561,561,L,L-MH,L-HYPOTHALAMUS
219,562,562,L,L-ml,L-WHITE_MATTER
220,563,563,L,L-mlf,L-WHITE_MATTER
221,565,565,L,L-Mmme,L-HYPOTHALAMUS
222,572,572,L,L-MOB,L-OLFACTORY
223,579,579,L,L-MOp1,L-CORTEX_MOTOR
224,580,580,L,L-MOp2-3,L-CORTEX_MOTOR
225,581,581,L,L-MOp5,L-CORTEX_MOTOR
226,582,582,L,L-MOp6a,L-CORTEX_MOTOR
227,583,583,L,L-MOp6b,L-CORTEX_MOTOR
228,585,585,L,L-MOs1,L-CORTEX_MOTOR
229,586,586,L,L-MOs2-3,L-CORTEX_MOTOR
230,587,587,L,L-MOs5,L-CORTEX_MOTOR
231,588,588,L,L-MOs6a,L-CORTEX_MOTOR
232,589,589,L,L-MOs6b,L-CORTEX_MOTOR
233,590,590,L,L-moV,L-WHITE_MATTER
234,591,591,L,L-mp,L-HYPOTHALAMUS
235,592,592,L,L-MPN,L-HYPOTHALAMUS
236,596,596,L,L-MPO,L-HYPOTHALAMUS
237,597,597,L,L-MPT,L-HYPOTHALAMUS
238,598,598,L,L-MRN,L-MIDBRAIN
239,602,602,L,L-MS,L-SEPTUM
240,604,604,L,L-MT,L-MIDBRAIN
241,606,606,L,L-mtg,L-WHITE_MATTER
242,608,608,L,L-mtt,L-WHITE_MATTER
243,610,610,L,L-MV,L-MEDULLA
244,611,611,L,L-MY,L-MEDULLA
245,615,615,L,L-NB,L-BASAL_FOREBRAIN
246,617,617,L,L-ND,L-BASAL_FOREBRAIN
247,618,618,L,L-NDB,L-BASAL_FOREBRAIN
248,620,620,L,L-NI,L-PONS
249,622,622,L,L-NLL,L-MIDBRAIN
250,627,627,L,L-NLOT1,L-OLFACTORY
251,629,629,L,L-NLOT2,L-OLFACTORY
252,630,630,L,L-NLOT3,L-OLFACTORY
253,631,631,L,L-NOD,L-CEREBELLUM
254,635,635,L,L-NOT,L-MIDBRAIN
255,636,636,L,L-NPC,L-MIDBRAIN
256,638,638,L,L-nst,L-WHITE_MATTER
257,639,639,L,L-NTB,L-MEDULLA
258,640,640,L,L-NTS,L-MEDULLA
259,647,647,L,L-och,L-WHITE_MATTER
260,649,649,L,L-OLF,L-OLFACTORY
261,651,651,L,L-OP,L-MIDBRAIN
262,652,652,L,L-opt,L-WHITE_MATTER
263,660,660,L,L-ORBl1,L-CORTEX_PREFRONTAL
264,661,661,L,L-ORBl2-3,L-CORTEX_PREFRONTAL
265,662,662,L,L-ORBl5,L-CORTEX_PREFRONTAL
266,663,663,L,L-ORBl6a,L-CORTEX_PREFRONTAL
267,664,664,L,L-ORBl6b,L-CORTEX_PREFRONTAL
268,666,666,L,L-ORBm1,L-CORTEX_PREFRONTAL
269,668,668,L,L-ORBm2-3,L-CORTEX_PREFRONTAL
270,669,669,L,L-ORBm5,L-CORTEX_PREFRONTAL
271,670,670,L,L-ORBm6a,L-CORTEX_PREFRONTAL
272,672,672,L,L-ORBvl,L-CORTEX_PREFRONTAL
273,674,674,L,L-ORBvl2-3,L-CORTEX_PREFRONTAL
274,675,675,L,L-ORBvl5,L-CORTEX_PREFRONTAL
275,676,676,L,L-ORBvl6a,L-CORTEX_PREFRONTAL
276,677,677,L,L-ORBvl6b,L-CORTEX_PREFRONTAL
277,678,678,L,L-OT,L-BASALGANGLIA_STRIATUM
278,683,683,L,L-OV,L-HYPOTHALAMUS
279,684,684,L,L-P,L-PONS
280,685,685,L,L-PA,L-AMYGDALA
281,686,686,L,L-PAA,L-AMYGDALA
282,691,691,L,L-PAG,L-AMYGDALA
283,692,692,L,L-PAL,L-AMYGDALA
284,698,698,L,L-PAR,L-HIPPOCAMPAL FORMATION
285,702,702,L,L-PARN,L-MIDBRAIN
286,703,703,L,L-PAS,L-AMYGDALA
287,704,704,L,L-PB,L-PONS
288,705,705,L,L-PBG,L-MIDBRAIN
289,716,716,L,L-pc,L-WHITE_MATTER
290,719,719,L,L-PCG,L-PONS
291,720,720,L,L-PCN,L-PONS
292,721,721,L,L-PD,L-HYPOTHALAMUS
293,725,725,L,L-PERI2-3,L-CORTEX_TEMPORAL_ASSOC
294,726,726,L,L-PERI5,L-CORTEX_TEMPORAL_ASSOC
295,727,727,L,L-PERI6a,L-CORTEX_TEMPORAL_ASSOC
296,728,728,L,L-PERI6b,L-CORTEX_TEMPORAL_ASSOC
297,729,729,L,L-PF,L-THALAMUS
298,735,735,L,L-PG,L-PONS
299,737,737,L,L-PGRNd,L-PONS
300,738,738,L,L-PGRNl,L-PONS
301,739,739,L,L-PH,L-HYPOTHALAMUS
302,747,747,L,L-PIR,L-OLFACTORY
303,754,754,L,L-PL1,L-CORTEX_PREFRONTAL
304,755,755,L,L-PL2,L-CORTEX_PREFRONTAL
305,756,756,L,L-PL2-3,L-CORTEX_PREFRONTAL
306,757,757,L,L-PL5,L-CORTEX_PREFRONTAL
307,759,759,L,L-PL6b,L-CORTEX_PREFRONTAL
308,761,761,L,L-pm,L-WHITE_MATTER
309,762,762,L,L-PMd,L-HYPOTHALAMUS
310,766,766,L,L-PMv,L-HYPOTHALAMUS
311,768,768,L,L-PO,L-THALAMUS
312,770,770,L,L-POL,L-THALAMUS
313,771,771,L,L-POR,L-CORTEX_TEMPORAL_ASSOC
314,772,772,L,L-POST,L-CORTEX_TEMPORAL_ASSOC
315,776,776,L,L-PP,L-MIDBRAIN
316,778,778,L,L-PPN,L-PONS
317,779,779,L,L-PPT,L-PONS
318,780,780,L,L-PPY,L-HYPOTHALAMUS
319,783,783,L,L-PR,L-CORTEX_TEMPORAL_ASSOC
320,784,784,L,L-PRC,L-CORTEX_TEMPORAL_ASSOC
321,790,790,L,L-PRM,L-CEREBELLUM
322,794,794,L,L-PRNc,L-PONS
323,795,795,L,L-PRNr,L-PONS
324,797,797,L,L-PRP,L-MIDBRAIN
325,799,799,L,L-PS,L-HYPOTHALAMUS
326,805,805,L,L-PSTN,L-HYPOTHALAMUS
327,806,806,L,L-PSV,L-PONS
328,807,807,L,L-PT,L-THALAMUS
329,819,819,L,L-PVH,L-THALAMUS
330,822,822,L,L-PVHd,L-THALAMUS
331,836,836,L,L-PVp,L-HYPOTHALAMUS
332,837,837,L,L-PVpo,L-HYPOTHALAMUS
333,839,839,L,L-PVT,L-THALAMUS
334,841,841,L,L-py,L-MEDULLA
335,842,842,L,L-pyd,L-MEDULLA
336,849,849,L,L-RCH,L-MIDBRAIN
337,851,851,L,L-RE,L-THALAMUS
338,853,853,L,L-RH,L-THALAMUS
339,856,856,L,L-RL,L-MIDBRAIN
340,857,857,L,L-RM,L-MIDBRAIN
341,858,858,L,L-RN,L-MIDBRAIN
342,859,859,L,L-RO,L-MIDBRAIN
343,860,860,L,L-root,L-CRANIAL_NERVES
344,861,861,L,L-RPA,L-MIDBRAIN
345,862,862,L,L-RPO,L-MIDBRAIN
346,863,863,L,L-RR,L-MIDBRAIN
347,867,867,L,L-RSPagl1,L-CORTEX_RETROSPLENIAL
348,868,868,L,L-RSPagl2-3,L-CORTEX_RETROSPLENIAL
349,869,869,L,L-RSPagl5,L-CORTEX_RETROSPLENIAL
350,870,870,L,L-RSPagl6a,L-CORTEX_RETROSPLENIAL
351,873,873,L,L-RSPd1,L-CORTEX_RETROSPLENIAL
352,874,874,L,L-RSPd2-3,L-CORTEX_RETROSPLENIAL
353,876,876,L,L-RSPd5,L-CORTEX_RETROSPLENIAL
354,877,877,L,L-RSPd6a,L-CORTEX_RETROSPLENIAL
355,880,880,L,L-RSPv1,L-CORTEX_RETROSPLENIAL
356,882,882,L,L-RSPv2-3,L-CORTEX_RETROSPLENIAL
357,883,883,L,L-RSPv5,L-CORTEX_RETROSPLENIAL
358,884,884,L,L-RSPv6a,L-CORTEX_RETROSPLENIAL
359,885,885,L,L-RSPv6b,L-CORTEX_RETROSPLENIAL
360,889,889,L,L-RT,L-THALAMUS
361,890,890,L,L-rust,L-WHITE_MATTER
362,891,891,L,L-SAG,L-MIDBRAIN
363,893,893,L,L-SBPV,L-HYPOTHALAMUS
364,894,894,L,L-SCdg,L-MIDBRAIN
365,895,895,L,L-SCdw,L-MIDBRAIN
366,896,896,L,L-SCH,L-HYPOTHALAMUS
367,897,897,L,L-SCig,L-MIDBRAIN
368,900,900,L,L-SCig-c,L-MIDBRAIN
369,903,903,L,L-SCop,L-MIDBRAIN
370,904,904,L,L-scp,L-MIDBRAIN
371,907,907,L,L-SCsg,L-MIDBRAIN
372,910,910,L,L-sctv,L-WHITE_MATTER
373,911,911,L,L-SCzo,L-MIDBRAIN
374,913,913,L,L-SEZ,L-VENTRICLES_CSF
375,914,914,L,L-SF,L-HYPOTHALAMUS
376,916,916,L,L-SG,L-MIDBRAIN
377,917,917,L,L-SGN,L-MIDBRAIN
378,918,918,L,L-SH,L-HYPOTHALAMUS
379,920,920,L,L-SI,L-BASAL_FOREBRAIN
380,922,922,L,L-SIM,L-CEREBELLUM
381,926,926,L,L-SLC,L-MIDBRAIN
382,927,927,L,L-SLD,L-PONS
383,930,930,L,L-SMT,L-MIDBRAIN
384,931,931,L,L-SNc,L-MIDBRAIN
385,934,934,L,L-SNr,L-MIDBRAIN
386,935,935,L,L-SO,L-MEDULLA
387,937,937,L,L-SOCl,L-PONS
388,938,938,L,L-SOCm,L-PONS
389,940,940,L,L-SPA,L-PONS
390,942,942,L,L-SPFm,L-THALAMUS
391,943,943,L,L-SPFp,L-THALAMUS
392,944,944,L,L-SPIV,L-MEDULLA
393,945,945,L,L-sptV,L-WHITE_MATTER
394,947,947,L,L-SPVI,L-MEDULLA
395,948,948,L,L-SPVO,L-MEDULLA
396,971,971,L,L-SSp-bfd1,L-CORTEX_SOMATOSENSORY
397,972,972,L,L-SSp-bfd2-3,L-CORTEX_SOMATOSENSORY
398,973,973,L,L-SSp-bfd4,L-CORTEX_SOMATOSENSORY
399,974,974,L,L-SSp-bfd5,L-CORTEX_SOMATOSENSORY
400,975,975,L,L-SSp-bfd6a,L-CORTEX_SOMATOSENSORY
401,976,976,L,L-SSp-bfd6b,L-CORTEX_SOMATOSENSORY
402,978,978,L,L-SSp-ll1,L-CORTEX_SOMATOSENSORY
403,979,979,L,L-SSp-ll2-3,L-CORTEX_SOMATOSENSORY
404,980,980,L,L-SSp-ll4,L-CORTEX_SOMATOSENSORY
405,981,981,L,L-SSp-ll5,L-CORTEX_SOMATOSENSORY
406,982,982,L,L-SSp-ll6a,L-CORTEX_SOMATOSENSORY
407,983,983,L,L-SSp-ll6b,L-CORTEX_SOMATOSENSORY
408,985,985,L,L-SSp-m1,L-CORTEX_SOMATOSENSORY
409,987,987,L,L-SSp-m4,L-CORTEX_SOMATOSENSORY
410,988,988,L,L-SSp-m5,L-CORTEX_SOMATOSENSORY
411,989,989,L,L-SSp-m6a,L-CORTEX_SOMATOSENSORY
412,990,990,L,L-SSp-m6b,L-CORTEX_SOMATOSENSORY
413,993,993,L,L-SSp-n2-3,L-CORTEX_SOMATOSENSORY
414,994,994,L,L-SSp-n4,L-CORTEX_SOMATOSENSORY
415,995,995,L,L-SSp-n5,L-CORTEX_SOMATOSENSORY
416,996,996,L,L-SSp-n6a,L-CORTEX_SOMATOSENSORY
417,997,997,L,L-SSp-n6b,L-CORTEX_SOMATOSENSORY
418,999,999,L,L-SSp-tr1,L-CORTEX_SOMATOSENSORY
419,1000,1000,L,L-SSp-tr2-3,L-CORTEX_SOMATOSENSORY
420,1001,1001,L,L-SSp-tr4,L-CORTEX_SOMATOSENSORY
421,1002,1002,L,L-SSp-tr5,L-CORTEX_SOMATOSENSORY
422,1003,1003,L,L-SSp-tr6a,L-CORTEX_SOMATOSENSORY
423,1004,1004,L,L-SSp-tr6b,L-CORTEX_SOMATOSENSORY
424,1006,1006,L,L-SSp-ul1,L-CORTEX_SOMATOSENSORY
425,1007,1007,L,L-SSp-ul2-3,L-CORTEX_SOMATOSENSORY
426,1008,1008,L,L-SSp-ul4,L-CORTEX_SOMATOSENSORY
427,1009,1009,L,L-SSp-ul5,L-CORTEX_SOMATOSENSORY
428,1010,1010,L,L-SSp-ul6a,L-CORTEX_SOMATOSENSORY
429,1011,1011,L,L-SSp-ul6b,L-CORTEX_SOMATOSENSORY
430,1012,1012,L,L-SSp-un,L-CORTEX_SOMATOSENSORY
431,1013,1013,L,L-SSp-un1,L-CORTEX_SOMATOSENSORY
432,1014,1014,L,L-SSp-un2-3,L-CORTEX_SOMATOSENSORY
433,1016,1016,L,L-SSp-un5,L-CORTEX_SOMATOSENSORY
434,1017,1017,L,L-SSp-un6a,L-CORTEX_SOMATOSENSORY
435,1018,1018,L,L-SSp-un6b,L-CORTEX_SOMATOSENSORY
436,1020,1020,L,L-SSs1,L-CORTEX_SOMATOSENSORY
437,1021,1021,L,L-SSs2-3,L-CORTEX_SOMATOSENSORY
438,1022,1022,L,L-SSs4,L-CORTEX_SOMATOSENSORY
439,1023,1023,L,L-SSs5,L-CORTEX_SOMATOSENSORY
440,1024,1024,L,L-SSs6a,L-CORTEX_SOMATOSENSORY
441,1025,1025,L,L-SSs6b,L-CORTEX_SOMATOSENSORY
442,1027,1027,L,L-st,L-WHITE_MATTER
443,1030,1030,L,L-STN,L-BASALGANGLIA_PALLIDUM
444,1032,1032,L,L-STR,L-BASALGANGLIA_STRIATUM
445,1037,1037,L,L-SUB,L-HIPPOCAMPAL FORMATION
446,1042,1042,L,L-SubG,L-THALAMUS
447,1047,1047,L,L-SUM,L-HYPOTHALAMUS
448,1050,1050,L,L-sup,L-HYPOTHALAMUS
449,1054,1054,L,L-SUT,L-PONS
450,1055,1055,L,L-SUV,L-PONS
451,1056,1056,L,L-sV,L-VENTRICLES_CSF
452,1058,1058,L,L-tb,L-WHITE_MATTER
453,1061,1061,L,L-TEa1,L-CORTEX_TEMPORAL_ASSOC
454,1062,1062,L,L-TEa2-3,L-CORTEX_TEMPORAL_ASSOC
455,1063,1063,L,L-TEa4,L-CORTEX_TEMPORAL_ASSOC
456,1064,1064,L,L-TEa5,L-CORTEX_TEMPORAL_ASSOC
457,1065,1065,L,L-TEa6a,L-CORTEX_TEMPORAL_ASSOC
458,1066,1066,L,L-TEa6b,L-CORTEX_TEMPORAL_ASSOC
459,1067,1067,L,L-TH,L-THALAMUS
460,1069,1069,L,L-TMd,L-HYPOTHALAMUS
461,1070,1070,L,L-TMv,L-HYPOTHALAMUS
462,1073,1073,L,L-TR,L-PONS
463,1078,1078,L,L-TRN,L-PONS
464,1079,1079,L,L-TRS,L-PONS
465,1082,1082,L,L-tspc,L-WHITE_MATTER
466,1085,1085,L,L-TTd,L-OLFACTORY
467,1092,1092,L,L-TTv,L-OLFACTORY
468,1097,1097,L,L-TU,L-HYPOTHALAMUS
469,1098,1098,L,L-uf,L-WHITE_MATTER
470,1099,1099,L,L-UVU,L-CEREBELLUM
471,1103,1103,L,L-V,L-CRANIAL_NERVES
472,1104,1104,L,L-V3,L-CRANIAL_NERVES
473,1105,1105,L,L-V4,L-CORTEX_VISUAL
474,1106,1106,L,L-V4r,L-CORTEX_VISUAL
475,1107,1107,L,L-VAL,L-VENTRICLES_CSF
476,1109,1109,L,L-VCO,L-CORTEX_VISUAL
477,1112,1112,L,L-vhc,L-WHITE_MATTER
478,1113,1113,L,L-VI,L-CRANIAL_NERVES
479,1114,1114,L,L-VII,L-CRANIAL_NERVES
480,1116,1116,L,L-VIIn,L-MEDULLA
481,1126,1126,L,L-VISal1,L-CORTEX_VISUAL
482,1127,1127,L,L-VISal2-3,L-CORTEX_VISUAL
483,1128,1128,L,L-VISal4,L-CORTEX_VISUAL
484,1129,1129,L,L-VISal5,L-CORTEX_VISUAL
485,1130,1130,L,L-VISal6a,L-CORTEX_VISUAL
486,1131,1131,L,L-VISal6b,L-CORTEX_VISUAL
487,1133,1133,L,L-VISam1,L-CORTEX_VISUAL
488,1134,1134,L,L-VISam2-3,L-CORTEX_VISUAL
489,1135,1135,L,L-VISam4,L-CORTEX_VISUAL
490,1136,1136,L,L-VISam5,L-CORTEX_VISUAL
491,1137,1137,L,L-VISam6a,L-CORTEX_VISUAL
492,1141,1141,L,L-VISC2-3,L-CORTEX_VISUAL
493,1142,1142,L,L-VISC4,L-CORTEX_VISUAL
494,1143,1143,L,L-VISC5,L-CORTEX_VISUAL
495,1144,1144,L,L-VISC6a,L-CORTEX_VISUAL
496,1145,1145,L,L-VISC6b,L-CORTEX_VISUAL
497,1147,1147,L,L-VISl1,L-CORTEX_VISUAL
498,1148,1148,L,L-VISl23,L-CORTEX_VISUAL
499,1149,1149,L,L-VISl4,L-CORTEX_VISUAL
500,1150,1150,L,L-VISl5,L-CORTEX_VISUAL
501,1151,1151,L,L-VISl6a,L-CORTEX_VISUAL
502,1152,1152,L,L-VISl6b,L-CORTEX_VISUAL
503,1154,1154,L,L-VISp1,L-CORTEX_VISUAL
504,1155,1155,L,L-VISp2-3,L-CORTEX_VISUAL
505,1156,1156,L,L-VISp4,L-CORTEX_VISUAL
506,1157,1157,L,L-VISp5,L-CORTEX_VISUAL
507,1158,1158,L,L-VISp6a,L-CORTEX_VISUAL
508,1159,1159,L,L-VISp6b,L-CORTEX_VISUAL
509,1161,1161,L,L-VISpl1,L-CORTEX_VISUAL
510,1162,1162,L,L-VISpl2-3,L-CORTEX_VISUAL
511,1163,1163,L,L-VISpl4,L-CORTEX_VISUAL
512,1164,1164,L,L-VISpl5,L-CORTEX_VISUAL
513,1165,1165,L,L-VISpl6a,L-CORTEX_VISUAL
514,1166,1166,L,L-VISpl6b,L-CORTEX_VISUAL
515,1168,1168,L,L-VISpm1,L-CORTEX_VISUAL
516,1169,1169,L,L-VISpm2-3,L-CORTEX_VISUAL
517,1170,1170,L,L-VISpm4,L-CORTEX_VISUAL
518,1171,1171,L,L-VISpm5,L-CORTEX_VISUAL
519,1172,1172,L,L-VISpm6a,L-CORTEX_VISUAL
520,1174,1174,L,L-VL,L-THALAMUS
521,1175,1175,L,L-VLPO,L-THALAMUS
522,1177,1177,L,L-VM,L-THALAMUS
523,1178,1178,L,L-VMH,L-HYPOTHALAMUS
524,1187,1187,L,L-VPL,L-THALAMUS
525,1188,1188,L,L-VPLpc,L-THALAMUS
526,1189,1189,L,L-VPM,L-THALAMUS
527,1190,1190,L,L-VPMpc,L-THALAMUS
528,1194,1194,L,L-VTA,L-MIDBRAIN
529,1195,1195,L,L-vtd,L-WHITE_MATTER
530,1196,1196,L,L-VTN,L-MIDBRAIN
531,1197,1197,L,L-vVIIIn,L-MEDULLA
532,1198,1198,L,L-x,L-MEDULLA
533,1199,1199,L,L-XII,L-MEDULLA
534,1203,1203,L,L-y,L-GLOBAL_MASKS
535,1205,1205,L,L-ZI,L-THALAMUS
536,1208,1208,L,L-VISa1,L-CORTEX_VISUAL
537,1209,1209,L,L-VISa2-3,L-CORTEX_VISUAL
538,1210,1210,L,L-VISa4,L-CORTEX_VISUAL
539,1211,1211,L,L-VISa5,L-CORTEX_VISUAL
540,1212,1212,L,L-VISa6a,L-CORTEX_VISUAL
541,1213,1213,L,L-VISa6b,L-CORTEX_VISUAL
542,1215,1215,L,L-VISli1,L-CORTEX_VISUAL
543,1216,1216,L,L-VISli2-3,L-CORTEX_VISUAL
544,1217,1217,L,L-VISli4,L-CORTEX_VISUAL
545,1218,1218,L,L-VISli5,L-CORTEX_VISUAL
546,1219,1219,L,L-VISli6a,L-CORTEX_VISUAL
547,1220,1220,L,L-VISli6b,L-CORTEX_VISUAL
548,1222,1222,L,L-VISpor1,L-CORTEX_VISUAL
549,1223,1223,L,L-VISpor2-3,L-CORTEX_VISUAL
550,1224,1224,L,L-VISpor4,L-CORTEX_VISUAL
551,1225,1225,L,L-VISpor5,L-CORTEX_VISUAL
552,1226,1226,L,L-VISpor6a,L-CORTEX_VISUAL
553,1227,1227,L,L-VISpor6b,L-CORTEX_VISUAL
554,1229,1229,L,L-VISrl1,L-CORTEX_VISUAL
555,1230,1230,L,L-VISrl2-3,L-CORTEX_VISUAL
556,1231,1231,L,L-VISrl4,L-CORTEX_VISUAL
557,1232,1232,L,L-VISrl5,L-CORTEX_VISUAL
558,1233,1233,L,L-VISrl6a,L-CORTEX_VISUAL
559,1234,1234,L,L-VISrl6b,L-CORTEX_VISUAL
560,1235,1235,L,L-APr,L-CORTEX_VISUAL
561,1236,1236,L,L-ar,L-WHITE_MATTER
562,1237,1237,L,L-ccb,L-CEREBELLUM
563,1238,1238,L,L-or,L-WHITE_MATTER
564,1239,1239,L,L-ProS,L-HIPPOCAMPAL FORMATION
565,1248,1248,L,L-scwm,L-WHITE_MATTER
566,1249,1249,L,L-stc,L-WHITE_MATTER
567,1285,1285,L,L-LGd-sh,L-CORTEX_VISUAL
568,1286,1286,L,L-LGd-co,L-THALAMUS_VISUAL
569,1287,1287,L,L-LGd-ip,L-THALAMUS_VISUAL
570,1289,1289,L,L-FRP6a,L-CORTEX_MOTOR
571,1292,1292,L,L-RPF,L-PONS
572,1294,1294,L,L-MA3,L-MIDBRAIN
573,1295,1295,L,L-P5,L-PONS
574,1296,1296,L,L-Acs5,L-PONS
575,1297,1297,L,L-PC5,L-PONS
576,1298,1298,L,L-I5,L-CRANIAL_NERVES
577,1300,1300,L,L-Eth,L-THALAMUS
578,1302,1302,L,L-Xi,L-MEDULLA
579,1303,1303,L,L-PIL,L-THALAMUS
580,1304,1304,L,L-PoT,L-THALAMUS
581,1305,1305,L,L-IntG,L-CEREBELLUM
582,1306,1306,L,L-PeF,L-HYPOTHALAMUS
583,1307,1307,L,L-VMPO,L-HYPOTHALAMUS
584,1308,1308,L,L-HATA,L-HIPPOCAMPAL FORMATION
585,1309,1309,L,L-VeCb,L-CEREBELLUM
586,1311,1311,L,L-PDTg,L-MIDBRAIN
587,1313,1313,L,L-Mml,L-HYPOTHALAMUS
588,1314,1314,L,L-Mmm,L-HYPOTHALAMUS
589,1315,1315,L,L-Mmp,L-HYPOTHALAMUS
590,1316,1316,L,L-Mmd,L-HYPOTHALAMUS
591,1317,1317,L,L-Pa4,L-MIDBRAIN
592,1318,1318,L,L-PN,L-PONS
593,1319,1319,L,L-IPR,L-MIDBRAIN
594,1320,1320,L,L-IPC,L-MIDBRAIN
595,1321,1321,L,L-IPA,L-MIDBRAIN
596,1322,1322,L,L-IPL,L-MIDBRAIN
597,1323,1323,L,L-IPI,L-MIDBRAIN
598,1324,1324,L,L-IPDM,L-MIDBRAIN
599,1325,1325,L,L-IPDL,L-MIDBRAIN
600,1326,1326,L,L-IPRL,L-MIDBRAIN
601,1327,1327,L,L-Su3,L-MEDULLA
602,2003,3,R,R-AAA,R-AMYGDALA_OTHER
603,2012,12,R,R-ACAd1,R-CORTEX_PREFRONTAL
604,2013,13,R,R-ACAd2-3,R-CORTEX_PREFRONTAL
605,2014,14,R,R-ACAd5,R-CORTEX_PREFRONTAL
606,2015,15,R,R-ACAd6a,R-CORTEX_PREFRONTAL
607,2016,16,R,R-ACAd6b,R-CORTEX_PREFRONTAL
608,2018,18,R,R-ACAv1,R-CORTEX_PREFRONTAL
609,2019,19,R,R-ACAv2-3,R-CORTEX_PREFRONTAL
610,2020,20,R,R-ACAv5,R-CORTEX_PREFRONTAL
611,2022,22,R,R-ACAv6b,R-CORTEX_PREFRONTAL
612,2023,23,R,R-ACB,R-BASALGANGLIA_STRIATUM
613,2024,24,R,R-aco,R-WHITE_MATTER
614,2025,25,R,R-act,R-WHITE_MATTER
615,2028,28,R,R-AD,R-THALAMUS
616,2031,31,R,R-AHN,R-HYPOTHALAMUS
617,2038,38,R,R-AId1,R-CORTEX_INSULAR
618,2039,39,R,R-AId2-3,R-CORTEX_INSULAR
619,2040,40,R,R-AId5,R-CORTEX_INSULAR
620,2041,41,R,R-AId6a,R-CORTEX_INSULAR
621,2044,44,R,R-AIp1,R-CORTEX_INSULAR
622,2045,45,R,R-AIp2-3,R-CORTEX_INSULAR
623,2046,46,R,R-AIp5,R-CORTEX_INSULAR
624,2047,47,R,R-AIp6a,R-CORTEX_INSULAR
625,2048,48,R,R-AIp6b,R-CORTEX_INSULAR
626,2050,50,R,R-AIv1,R-CORTEX_INSULAR
627,2051,51,R,R-AIv2-3,R-CORTEX_INSULAR
628,2052,52,R,R-AIv5,R-CORTEX_INSULAR
629,2053,53,R,R-AIv6a,R-CORTEX_INSULAR
630,2055,55,R,R-alv,R-WHITE_MATTER
631,2057,57,R,R-AMB,R-MEDULLA
632,2059,59,R,R-AMBv,R-MEDULLA
633,2060,60,R,R-amc,R-AMYGDALA
634,2061,61,R,R-AMd,R-THALAMUS
635,2062,62,R,R-AMv,R-THALAMUS
636,2064,64,R,R-ANcr1,R-THALAMUS
637,2068,68,R,R-ANcr2,R-THALAMUS
638,2073,73,R,R-AOBgl,R-OLFACTORY
639,2074,74,R,R-AOBgr,R-OLFACTORY
640,2075,75,R,R-AOBmi,R-OLFACTORY
641,2077,77,R,R-AON,R-OLFACTORY
642,2086,86,R,R-AP,R-MEDULLA
643,2089,89,R,R-APN,R-MIDBRAIN
644,2090,90,R,R-AQ,R-VENTRICLES_CSF
645,2092,92,R,R-ARH,R-HYPOTHALAMUS
646,2094,94,R,R-AT,R-THALAMUS
647,2098,98,R,R-AUDd1,R-CORTEX_AUDITORY
648,2099,99,R,R-AUDd2-3,R-CORTEX_AUDITORY
649,2100,100,R,R-AUDd4,R-CORTEX_AUDITORY
650,2101,101,R,R-AUDd5,R-CORTEX_AUDITORY
651,2102,102,R,R-AUDd6a,R-CORTEX_AUDITORY
652,2105,105,R,R-AUDp1,R-CORTEX_AUDITORY
653,2106,106,R,R-AUDp2-3,R-CORTEX_AUDITORY
654,2107,107,R,R-AUDp4,R-CORTEX_AUDITORY
655,2108,108,R,R-AUDp5,R-CORTEX_AUDITORY
656,2110,110,R,R-AUDp6b,R-CORTEX_AUDITORY
657,2112,112,R,R-AUDpo1,R-CORTEX_AUDITORY
658,2113,113,R,R-AUDpo2-3,R-CORTEX_AUDITORY
659,2114,114,R,R-AUDpo4,R-CORTEX_AUDITORY
660,2115,115,R,R-AUDpo5,R-CORTEX_AUDITORY
661,2117,117,R,R-AUDpo6b,R-CORTEX_AUDITORY
662,2119,119,R,R-AUDv1,R-CORTEX_AUDITORY
663,2120,120,R,R-AUDv2-3,R-CORTEX_AUDITORY
664,2121,121,R,R-AUDv4,R-CORTEX_AUDITORY
665,2122,122,R,R-AUDv5,R-CORTEX_AUDITORY
666,2124,124,R,R-AUDv6b,R-CORTEX_AUDITORY
667,2125,125,R,R-AV,R-THALAMUS
668,2126,126,R,R-AVP,R-THALAMUS
669,2127,127,R,R-AVPV,R-HYPOTHALAMUS
670,2128,128,R,R-B,R-BASAL_FOREBRAIN
671,2129,129,R,R-BA,R-BASAL_FOREBRAIN
672,2132,132,R,R-bic,R-WHITE_MATTER
673,2134,134,R,R-BLAa,R-AMYGDALA_BLA
674,2135,135,R,R-BLAp,R-AMYGDALA_BLA
675,2136,136,R,R-BLAv,R-AMYGDALA_BLA
676,2138,138,R,R-BMAa,R-AMYGDALA_BMA
677,2139,139,R,R-BMAp,R-AMYGDALA_BMA
678,2141,141,R,R-bsc,R-WHITE_MATTER
679,2142,142,R,R-BST,R-SEPTUM
680,2161,161,R,R-CA1,R-HIPPOCAMPAL FORMATION
681,2166,166,R,R-CA2,R-HIPPOCAMPAL FORMATION
682,2171,171,R,R-CA3,R-HIPPOCAMPAL FORMATION
683,2177,177,R,R-CB,R-CEREBELLUM
684,2178,178,R,R-cbc,R-CEREBELLUM
685,2188,188,R,R-ccg,R-WHITE_MATTER
686,2190,190,R,R-ccs,R-WHITE_MATTER
687,2193,193,R,R-CEAc,R-AMYGDALA_CE
688,2194,194,R,R-CEAl,R-AMYGDALA_CE
689,2195,195,R,R-CEAm,R-AMYGDALA_CE
690,2197,197,R,R-CENT2,R-CEREBELLUM
691,2201,201,R,R-CENT3,R-CEREBELLUM
692,2208,208,R,R-chpl,R-VENTRICLES_CSF
693,2209,209,R,R-cic,R-MIDBRAIN
694,2210,210,R,R-cing,R-LIMBIC_CORTEX
695,2212,212,R,R-CLA,R-LIMBIC_CORTEX
696,2213,213,R,R-CLI,R-LIMBIC_CORTEX
697,2214,214,R,R-CM,R-THALAMUS
698,2221,221,R,R-COAa,R-AMYGDALA_CORTICAL
699,2226,226,R,R-COApl,R-AMYGDALA_CORTICAL
700,2231,231,R,R-COApl3,R-AMYGDALA_CORTICAL
701,2238,238,R,R-COPY,R-GLOBAL_MASKS
702,2242,242,R,R-CP,R-BASALGANGLIA_STRIATUM
703,2243,243,R,R-cpd,R-WHITE_MATTER
704,2245,245,R,R-crt,R-WHITE_MATTER
705,2247,247,R,R-csc,R-WHITE_MATTER
706,2250,250,R,R-cst,R-WHITE_MATTER
707,2257,257,R,R-CTXsp,R-ISOCORTEX_MASK
708,2258,258,R,R-CU,R-MEDULLA
709,2262,262,R,"R-CUL4,_5",R-CEREBELLUM
710,2273,273,R,R-CUN,R-MEDULLA
711,2281,281,R,R-DCO,R-MEDULLA
712,2282,282,R,R-DEC,R-WHITE_MATTER
713,2300,300,R,R-DG-mo,R-HIPPOCAMPAL FORMATION
714,2301,301,R,R-DG-po,R-HIPPOCAMPAL FORMATION
715,2302,302,R,R-DG-sg,R-HIPPOCAMPAL FORMATION
716,2304,304,R,R-dhc,R-WHITE_MATTER
717,2307,307,R,R-DMH,R-HYPOTHALAMUS
718,2311,311,R,R-DMX,R-MEDULLA
719,2312,312,R,R-DN,R-CEREBELLUM
720,2315,315,R,R-DP,R-CORTEX_PREFRONTAL
721,2321,321,R,R-DR,R-MIDBRAIN
722,2323,323,R,R-dscp,R-WHITE_MATTER
723,2326,326,R,R-DTN,R-MIDBRAIN
724,2328,328,R,R-ec,R-WHITE_MATTER
725,2331,331,R,R-ECT1,R-CORTEX_TEMPORAL_ASSOC
726,2332,332,R,R-ECT2-3,R-CORTEX_TEMPORAL_ASSOC
727,2333,333,R,R-ECT5,R-CORTEX_TEMPORAL_ASSOC
728,2334,334,R,R-ECT6a,R-CORTEX_TEMPORAL_ASSOC
729,2335,335,R,R-ECT6b,R-CORTEX_TEMPORAL_ASSOC
730,2337,337,R,R-ee,R-WHITE_MATTER
731,2339,339,R,R-em,R-WHITE_MATTER
732,2342,342,R,R-ENTl1,R-PARAHIPPOCAMPAL/ENTORHINAL
733,2343,343,R,R-ENTl2,R-PARAHIPPOCAMPAL/ENTORHINAL
734,2347,347,R,R-ENTl3,R-PARAHIPPOCAMPAL/ENTORHINAL
735,2349,349,R,R-ENTl4-5,R-PARAHIPPOCAMPAL/ENTORHINAL
736,2352,352,R,R-ENTl6a,R-PARAHIPPOCAMPAL/ENTORHINAL
737,2355,355,R,R-ENTm1,R-PARAHIPPOCAMPAL/ENTORHINAL
738,2356,356,R,R-ENTm2,R-PARAHIPPOCAMPAL/ENTORHINAL
739,2359,359,R,R-ENTm3,R-PARAHIPPOCAMPAL/ENTORHINAL
740,2361,361,R,R-ENTm5,R-PARAHIPPOCAMPAL/ENTORHINAL
741,2363,363,R,R-ENTm6,R-PARAHIPPOCAMPAL/ENTORHINAL
742,2371,371,R,R-EPd,R-EPITHALAMUS/HABENULA
743,2375,375,R,R-EPv,R-EPITHALAMUS/HABENULA
744,2377,377,R,R-EW,R-MIDBRAIN
745,2378,378,R,R-fa,R-WHITE_MATTER
746,2380,380,R,R-FF,R-WHITE_MATTER
747,2381,381,R,R-fi,R-WHITE_MATTER
748,2382,382,R,R-fiber_tracts,R-WHITE_MATTER
749,2383,383,R,R-FL,R-WHITE_MATTER
750,2387,387,R,R-FN,R-CEREBELLUM
751,2388,388,R,R-FOTU,R-CEREBELLUM
752,2392,392,R,R-fp,R-WHITE_MATTER
753,2394,394,R,R-fr,R-WHITE_MATTER
754,2398,398,R,R-FS,R-WHITE_MATTER
755,2399,399,R,R-fx,R-WHITE_MATTER
756,2405,405,R,R-GPe,R-BASALGANGLIA_PALLIDUM
757,2406,406,R,R-GPi,R-BASALGANGLIA_PALLIDUM
758,2410,410,R,R-GRN,R-PONS
759,2415,415,R,R-GU1,R-CORTEX_GUSTATORY
760,2416,416,R,R-GU2-3,R-CORTEX_GUSTATORY
761,2417,417,R,R-GU4,R-CORTEX_GUSTATORY
762,2418,418,R,R-GU5,R-CORTEX_GUSTATORY
763,2419,419,R,R-GU6a,R-CORTEX_GUSTATORY
764,2420,420,R,R-GU6b,R-CORTEX_GUSTATORY
765,2423,423,R,R-hbc,R-EPITHALAMUS/HABENULA
766,2429,429,R,R-HPF,R-HIPPOCAMPAL FORMATION
767,2430,430,R,R-HY,R-HYPOTHALAMUS
768,2431,431,R,R-IA,R-THALAMUS
769,2432,432,R,R-IAD,R-THALAMUS
770,2434,434,R,R-IAM,R-THALAMUS
771,2438,438,R,R-ICB,R-MIDBRAIN
772,2439,439,R,R-ICc,R-MIDBRAIN
773,2440,440,R,R-ICd,R-MIDBRAIN
774,2441,441,R,R-ICe,R-MIDBRAIN
775,2443,443,R,R-icp,R-WHITE_MATTER
776,2444,444,R,R-IF,R-MIDBRAIN
777,2445,445,R,R-IG,R-THALAMUS
778,2446,446,R,R-IGL,R-THALAMUS
779,2447,447,R,R-III,R-CRANIAL_NERVES
780,2448,448,R,R-IIIn,R-CRANIAL_NERVES
781,2449,449,R,R-IIn,R-CRANIAL_NERVES
782,2451,451,R,R-ILA1,R-CORTEX_PREFRONTAL
783,2453,453,R,R-ILA2-3,R-CORTEX_PREFRONTAL
784,2454,454,R,R-ILA5,R-CORTEX_PREFRONTAL
785,2455,455,R,R-ILA6a,R-CORTEX_PREFRONTAL
786,2459,459,R,R-IMD,R-THALAMUS
787,2461,461,R,R-INC,R-MIDBRAIN
788,2462,462,R,R-int,R-CEREBELLUM
789,2463,463,R,R-INV,R-MEDULLA
790,2465,465,R,R-IP,R-CEREBELLUM
791,2469,469,R,R-IRN,R-MEDULLA
792,2474,474,R,R-IV,R-VENTRICLES_CSF
793,2481,481,R,R-KF,R-PONS
794,2482,482,R,R-LA,R-AMYGDALA_LA
795,2485,485,R,R-LAV,R-AMYGDALA
796,2487,487,R,R-LD,R-THALAMUS
797,2488,488,R,R-LDT,R-PONS
798,2491,491,R,R-LGd,R-THALAMUS_VISUAL
799,2495,495,R,R-LH,R-HYPOTHALAMUS
800,2496,496,R,R-LHA,R-HYPOTHALAMUS
801,2497,497,R,R-LIN,R-CEREBELLUM
802,2498,498,R,R-LING,R-CEREBELLUM
803,2502,502,R,R-ll,R-WHITE_MATTER
804,2503,503,R,R-LM,R-HYPOTHALAMUS
805,2504,504,R,R-lot,R-OLFACTORY
806,2506,506,R,R-lotg,R-OLFACTORY
807,2508,508,R,R-LPO,R-HYPOTHALAMUS
808,2513,513,R,R-LSc,R-SEPTUM
809,2514,514,R,R-LSr,R-SEPTUM
810,2515,515,R,R-LSv,R-SEPTUM
811,2520,520,R,R-MA,R-HYPOTHALAMUS
812,2521,521,R,R-MARN,R-HYPOTHALAMUS
813,2522,522,R,R-MB,R-MIDBRAIN
814,2527,527,R,R-mcp,R-WHITE_MATTER
815,2529,529,R,R-MD,R-THALAMUS
816,2536,536,R,R-ME,R-HYPOTHALAMUS
817,2537,537,R,R-MEA,R-AMYGDALA_MEDIAL
818,2546,546,R,R-MEPO,R-HYPOTHALAMUS
819,2549,549,R,R-mfb,R-WHITE_MATTER
820,2558,558,R,R-MGd,R-THALAMUS_AUDITORY
821,2559,559,R,R-MGm,R-THALAMUS_AUDITORY
822,2560,560,R,R-MGv,R-THALAMUS_AUDITORY
823,2561,561,R,R-MH,R-HYPOTHALAMUS
824,2562,562,R,R-ml,R-WHITE_MATTER
825,2563,563,R,R-mlf,R-WHITE_MATTER
826,2565,565,R,R-Mmme,R-HYPOTHALAMUS
827,2572,572,R,R-MOB,R-OLFACTORY
828,2579,579,R,R-MOp1,R-CORTEX_MOTOR
829,2580,580,R,R-MOp2-3,R-CORTEX_MOTOR
830,2581,581,R,R-MOp5,R-CORTEX_MOTOR
831,2582,582,R,R-MOp6a,R-CORTEX_MOTOR
832,2583,583,R,R-MOp6b,R-CORTEX_MOTOR
833,2585,585,R,R-MOs1,R-CORTEX_MOTOR
834,2586,586,R,R-MOs2-3,R-CORTEX_MOTOR
835,2587,587,R,R-MOs5,R-CORTEX_MOTOR
836,2588,588,R,R-MOs6a,R-CORTEX_MOTOR
837,2589,589,R,R-MOs6b,R-CORTEX_MOTOR
838,2590,590,R,R-moV,R-WHITE_MATTER
839,2592,592,R,R-MPN,R-HYPOTHALAMUS
840,2596,596,R,R-MPO,R-HYPOTHALAMUS
841,2597,597,R,R-MPT,R-HYPOTHALAMUS
842,2598,598,R,R-MRN,R-MIDBRAIN
843,2602,602,R,R-MS,R-SEPTUM
844,2604,604,R,R-MT,R-MIDBRAIN
845,2606,606,R,R-mtg,R-WHITE_MATTER
846,2608,608,R,R-mtt,R-WHITE_MATTER
847,2610,610,R,R-MV,R-MEDULLA
848,2611,611,R,R-MY,R-MEDULLA
849,2615,615,R,R-NB,R-BASAL_FOREBRAIN
850,2617,617,R,R-ND,R-BASAL_FOREBRAIN
851,2618,618,R,R-NDB,R-BASAL_FOREBRAIN
852,2620,620,R,R-NI,R-PONS
853,2622,622,R,R-NLL,R-MIDBRAIN
854,2627,627,R,R-NLOT1,R-OLFACTORY
855,2629,629,R,R-NLOT2,R-OLFACTORY
856,2630,630,R,R-NLOT3,R-OLFACTORY
857,2631,631,R,R-NOD,R-CEREBELLUM
858,2635,635,R,R-NOT,R-MIDBRAIN
859,2636,636,R,R-NPC,R-MIDBRAIN
860,2637,637,R,R-NR,R-MIDBRAIN
861,2638,638,R,R-nst,R-WHITE_MATTER
862,2639,639,R,R-NTB,R-MEDULLA
863,2640,640,R,R-NTS,R-MEDULLA
864,2647,647,R,R-och,R-WHITE_MATTER
865,2649,649,R,R-OLF,R-OLFACTORY
866,2651,651,R,R-OP,R-MIDBRAIN
867,2652,652,R,R-opt,R-WHITE_MATTER
868,2660,660,R,R-ORBl1,R-CORTEX_PREFRONTAL
869,2661,661,R,R-ORBl2-3,R-CORTEX_PREFRONTAL
870,2662,662,R,R-ORBl5,R-CORTEX_PREFRONTAL
871,2663,663,R,R-ORBl6a,R-CORTEX_PREFRONTAL
872,2664,664,R,R-ORBl6b,R-CORTEX_PREFRONTAL
873,2666,666,R,R-ORBm1,R-CORTEX_PREFRONTAL
874,2668,668,R,R-ORBm2-3,R-CORTEX_PREFRONTAL
875,2669,669,R,R-ORBm5,R-CORTEX_PREFRONTAL
876,2670,670,R,R-ORBm6a,R-CORTEX_PREFRONTAL
877,2672,672,R,R-ORBvl,R-CORTEX_PREFRONTAL
878,2674,674,R,R-ORBvl2-3,R-CORTEX_PREFRONTAL
879,2675,675,R,R-ORBvl5,R-CORTEX_PREFRONTAL
880,2676,676,R,R-ORBvl6a,R-CORTEX_PREFRONTAL
881,2678,678,R,R-OT,R-BASALGANGLIA_STRIATUM
882,2684,684,R,R-P,R-PONS
883,2685,685,R,R-PA,R-AMYGDALA
884,2686,686,R,R-PAA,R-AMYGDALA
885,2691,691,R,R-PAG,R-AMYGDALA
886,2692,692,R,R-PAL,R-AMYGDALA
887,2698,698,R,R-PAR,R-HIPPOCAMPAL FORMATION
888,2702,702,R,R-PARN,R-MIDBRAIN
889,2703,703,R,R-PAS,R-AMYGDALA
890,2704,704,R,R-PB,R-PONS
891,2705,705,R,R-PBG,R-MIDBRAIN
892,2716,716,R,R-pc,R-WHITE_MATTER
893,2719,719,R,R-PCG,R-PONS
894,2720,720,R,R-PCN,R-PONS
895,2721,721,R,R-PD,R-HYPOTHALAMUS
896,2724,724,R,R-PERI1,R-CORTEX_TEMPORAL_ASSOC
897,2725,725,R,R-PERI2-3,R-CORTEX_TEMPORAL_ASSOC
898,2726,726,R,R-PERI5,R-CORTEX_TEMPORAL_ASSOC
899,2727,727,R,R-PERI6a,R-CORTEX_TEMPORAL_ASSOC
900,2728,728,R,R-PERI6b,R-CORTEX_TEMPORAL_ASSOC
901,2729,729,R,R-PF,R-THALAMUS
902,2735,735,R,R-PG,R-PONS
903,2737,737,R,R-PGRNd,R-PONS
904,2738,738,R,R-PGRNl,R-PONS
905,2739,739,R,R-PH,R-HYPOTHALAMUS
906,2747,747,R,R-PIR,R-OLFACTORY
907,2754,754,R,R-PL1,R-CORTEX_PREFRONTAL
908,2755,755,R,R-PL2,R-CORTEX_PREFRONTAL
909,2756,756,R,R-PL2-3,R-CORTEX_PREFRONTAL
910,2757,757,R,R-PL5,R-CORTEX_PREFRONTAL
911,2759,759,R,R-PL6b,R-CORTEX_PREFRONTAL
912,2761,761,R,R-pm,R-WHITE_MATTER
913,2762,762,R,R-PMd,R-HYPOTHALAMUS
914,2766,766,R,R-PMv,R-HYPOTHALAMUS
915,2768,768,R,R-PO,R-THALAMUS
916,2770,770,R,R-POL,R-THALAMUS
917,2771,771,R,R-POR,R-CORTEX_TEMPORAL_ASSOC
918,2772,772,R,R-POST,R-CORTEX_TEMPORAL_ASSOC
919,2776,776,R,R-PP,R-MIDBRAIN
920,2778,778,R,R-PPN,R-PONS
921,2779,779,R,R-PPT,R-PONS
922,2780,780,R,R-PPY,R-HYPOTHALAMUS
923,2783,783,R,R-PR,R-CORTEX_TEMPORAL_ASSOC
924,2784,784,R,R-PRC,R-CORTEX_TEMPORAL_ASSOC
925,2790,790,R,R-PRM,R-CEREBELLUM
926,2794,794,R,R-PRNc,R-PONS
927,2795,795,R,R-PRNr,R-PONS
928,2797,797,R,R-PRP,R-MIDBRAIN
929,2799,799,R,R-PS,R-HYPOTHALAMUS
930,2805,805,R,R-PSTN,R-HYPOTHALAMUS
931,2806,806,R,R-PSV,R-PONS
932,2807,807,R,R-PT,R-THALAMUS
933,2816,816,R,R-PVa,R-HYPOTHALAMUS
934,2819,819,R,R-PVH,R-THALAMUS
935,2822,822,R,R-PVHd,R-THALAMUS
936,2835,835,R,R-PVi,R-HYPOTHALAMUS
937,2836,836,R,R-PVp,R-HYPOTHALAMUS
938,2837,837,R,R-PVpo,R-HYPOTHALAMUS
939,2839,839,R,R-PVT,R-THALAMUS
940,2841,841,R,R-py,R-MEDULLA
941,2842,842,R,R-pyd,R-MEDULLA
942,2849,849,R,R-RCH,R-MIDBRAIN
943,2851,851,R,R-RE,R-THALAMUS
944,2853,853,R,R-RH,R-THALAMUS
945,2856,856,R,R-RL,R-MIDBRAIN
946,2858,858,R,R-RN,R-MIDBRAIN
947,2860,860,R,R-root,R-CRANIAL_NERVES
948,2862,862,R,R-RPO,R-MIDBRAIN
949,2863,863,R,R-RR,R-MIDBRAIN
950,2867,867,R,R-RSPagl1,R-CORTEX_RETROSPLENIAL
951,2868,868,R,R-RSPagl2-3,R-CORTEX_RETROSPLENIAL
952,2869,869,R,R-RSPagl5,R-CORTEX_RETROSPLENIAL
953,2870,870,R,R-RSPagl6a,R-CORTEX_RETROSPLENIAL
954,2873,873,R,R-RSPd1,R-CORTEX_RETROSPLENIAL
955,2874,874,R,R-RSPd2-3,R-CORTEX_RETROSPLENIAL
956,2876,876,R,R-RSPd5,R-CORTEX_RETROSPLENIAL
957,2877,877,R,R-RSPd6a,R-CORTEX_RETROSPLENIAL
958,2878,878,R,R-RSPd6b,R-CORTEX_RETROSPLENIAL
959,2880,880,R,R-RSPv1,R-CORTEX_RETROSPLENIAL
960,2882,882,R,R-RSPv2-3,R-CORTEX_RETROSPLENIAL
961,2883,883,R,R-RSPv5,R-CORTEX_RETROSPLENIAL
962,2884,884,R,R-RSPv6a,R-CORTEX_RETROSPLENIAL
963,2885,885,R,R-RSPv6b,R-CORTEX_RETROSPLENIAL
964,2889,889,R,R-RT,R-THALAMUS
965,2890,890,R,R-rust,R-WHITE_MATTER
966,2891,891,R,R-SAG,R-MIDBRAIN
967,2893,893,R,R-SBPV,R-HYPOTHALAMUS
968,2894,894,R,R-SCdg,R-MIDBRAIN
969,2895,895,R,R-SCdw,R-MIDBRAIN
970,2896,896,R,R-SCH,R-HYPOTHALAMUS
971,2897,897,R,R-SCig,R-MIDBRAIN
972,2900,900,R,R-SCig-c,R-MIDBRAIN
973,2903,903,R,R-SCop,R-MIDBRAIN
974,2904,904,R,R-scp,R-MIDBRAIN
975,2907,907,R,R-SCsg,R-MIDBRAIN
976,2909,909,R,R-sctd,R-WHITE_MATTER
977,2910,910,R,R-sctv,R-WHITE_MATTER
978,2911,911,R,R-SCzo,R-MIDBRAIN
979,2913,913,R,R-SEZ,R-VENTRICLES_CSF
980,2914,914,R,R-SF,R-HYPOTHALAMUS
981,2916,916,R,R-SG,R-MIDBRAIN
982,2917,917,R,R-SGN,R-MIDBRAIN
983,2920,920,R,R-SI,R-BASAL_FOREBRAIN
984,2922,922,R,R-SIM,R-CEREBELLUM
985,2926,926,R,R-SLC,R-MIDBRAIN
986,2927,927,R,R-SLD,R-PONS
987,2930,930,R,R-SMT,R-MIDBRAIN
988,2931,931,R,R-SNc,R-MIDBRAIN
989,2934,934,R,R-SNr,R-MIDBRAIN
990,2935,935,R,R-SO,R-MEDULLA
991,2937,937,R,R-SOCl,R-PONS
992,2938,938,R,R-SOCm,R-PONS
993,2940,940,R,R-SPA,R-PONS
994,2942,942,R,R-SPFm,R-THALAMUS
995,2943,943,R,R-SPFp,R-THALAMUS
996,2944,944,R,R-SPIV,R-MEDULLA
997,2945,945,R,R-sptV,R-WHITE_MATTER
998,2947,947,R,R-SPVI,R-MEDULLA
999,2948,948,R,R-SPVO,R-MEDULLA
1000,2971,971,R,R-SSp-bfd1,R-CORTEX_SOMATOSENSORY
1001,2972,972,R,R-SSp-bfd2-3,R-CORTEX_SOMATOSENSORY
1002,2973,973,R,R-SSp-bfd4,R-CORTEX_SOMATOSENSORY
1003,2974,974,R,R-SSp-bfd5,R-CORTEX_SOMATOSENSORY
1004,2975,975,R,R-SSp-bfd6a,R-CORTEX_SOMATOSENSORY
1005,2976,976,R,R-SSp-bfd6b,R-CORTEX_SOMATOSENSORY
1006,2978,978,R,R-SSp-ll1,R-CORTEX_SOMATOSENSORY
1007,2979,979,R,R-SSp-ll2-3,R-CORTEX_SOMATOSENSORY
1008,2980,980,R,R-SSp-ll4,R-CORTEX_SOMATOSENSORY
1009,2981,981,R,R-SSp-ll5,R-CORTEX_SOMATOSENSORY
1010,2982,982,R,R-SSp-ll6a,R-CORTEX_SOMATOSENSORY
1011,2983,983,R,R-SSp-ll6b,R-CORTEX_SOMATOSENSORY
1012,2984,984,R,R-SSp-m,R-CORTEX_SOMATOSENSORY
1013,2985,985,R,R-SSp-m1,R-CORTEX_SOMATOSENSORY
1014,2987,987,R,R-SSp-m4,R-CORTEX_SOMATOSENSORY
1015,2988,988,R,R-SSp-m5,R-CORTEX_SOMATOSENSORY
1016,2989,989,R,R-SSp-m6a,R-CORTEX_SOMATOSENSORY
1017,2990,990,R,R-SSp-m6b,R-CORTEX_SOMATOSENSORY
1018,2992,992,R,R-SSp-n1,R-CORTEX_SOMATOSENSORY
1019,2993,993,R,R-SSp-n2-3,R-CORTEX_SOMATOSENSORY
1020,2994,994,R,R-SSp-n4,R-CORTEX_SOMATOSENSORY
1021,2995,995,R,R-SSp-n5,R-CORTEX_SOMATOSENSORY
1022,2996,996,R,R-SSp-n6a,R-CORTEX_SOMATOSENSORY
1023,2997,997,R,R-SSp-n6b,R-CORTEX_SOMATOSENSORY
1024,2999,999,R,R-SSp-tr1,R-CORTEX_SOMATOSENSORY
1025,3000,1000,R,R-SSp-tr2-3,R-CORTEX_SOMATOSENSORY
1026,3001,1001,R,R-SSp-tr4,R-CORTEX_SOMATOSENSORY
1027,3002,1002,R,R-SSp-tr5,R-CORTEX_SOMATOSENSORY
1028,3003,1003,R,R-SSp-tr6a,R-CORTEX_SOMATOSENSORY
1029,3004,1004,R,R-SSp-tr6b,R-CORTEX_SOMATOSENSORY
1030,3006,1006,R,R-SSp-ul1,R-CORTEX_SOMATOSENSORY
1031,3007,1007,R,R-SSp-ul2-3,R-CORTEX_SOMATOSENSORY
1032,3008,1008,R,R-SSp-ul4,R-CORTEX_SOMATOSENSORY
1033,3009,1009,R,R-SSp-ul5,R-CORTEX_SOMATOSENSORY
1034,3010,1010,R,R-SSp-ul6a,R-CORTEX_SOMATOSENSORY
1035,3011,1011,R,R-SSp-ul6b,R-CORTEX_SOMATOSENSORY
1036,3012,1012,R,R-SSp-un,R-CORTEX_SOMATOSENSORY
1037,3013,1013,R,R-SSp-un1,R-CORTEX_SOMATOSENSORY
1038,3014,1014,R,R-SSp-un2-3,R-CORTEX_SOMATOSENSORY
1039,3016,1016,R,R-SSp-un5,R-CORTEX_SOMATOSENSORY
1040,3017,1017,R,R-SSp-un6a,R-CORTEX_SOMATOSENSORY
1041,3020,1020,R,R-SSs1,R-CORTEX_SOMATOSENSORY
1042,3021,1021,R,R-SSs2-3,R-CORTEX_SOMATOSENSORY
1043,3022,1022,R,R-SSs4,R-CORTEX_SOMATOSENSORY
1044,3023,1023,R,R-SSs5,R-CORTEX_SOMATOSENSORY
1045,3024,1024,R,R-SSs6a,R-CORTEX_SOMATOSENSORY
1046,3025,1025,R,R-SSs6b,R-CORTEX_SOMATOSENSORY
1047,3027,1027,R,R-st,R-WHITE_MATTER
1048,3030,1030,R,R-STN,R-BASALGANGLIA_PALLIDUM
1049,3032,1032,R,R-STR,R-BASALGANGLIA_STRIATUM
1050,3037,1037,R,R-SUB,R-HIPPOCAMPAL FORMATION
1051,3042,1042,R,R-SubG,R-THALAMUS
1052,3047,1047,R,R-SUM,R-HYPOTHALAMUS
1053,3054,1054,R,R-SUT,R-PONS
1054,3055,1055,R,R-SUV,R-PONS
1055,3056,1056,R,R-sV,R-VENTRICLES_CSF
1056,3058,1058,R,R-tb,R-WHITE_MATTER
1057,3061,1061,R,R-TEa1,R-CORTEX_TEMPORAL_ASSOC
1058,3062,1062,R,R-TEa2-3,R-CORTEX_TEMPORAL_ASSOC
1059,3063,1063,R,R-TEa4,R-CORTEX_TEMPORAL_ASSOC
1060,3064,1064,R,R-TEa5,R-CORTEX_TEMPORAL_ASSOC
1061,3065,1065,R,R-TEa6a,R-CORTEX_TEMPORAL_ASSOC
1062,3066,1066,R,R-TEa6b,R-CORTEX_TEMPORAL_ASSOC
1063,3067,1067,R,R-TH,R-THALAMUS
1064,3069,1069,R,R-TMd,R-HYPOTHALAMUS
1065,3070,1070,R,R-TMv,R-HYPOTHALAMUS
1066,3073,1073,R,R-TR,R-PONS
1067,3078,1078,R,R-TRN,R-PONS
1068,3079,1079,R,R-TRS,R-PONS
1069,3082,1082,R,R-tspc,R-WHITE_MATTER
1070,3085,1085,R,R-TTd,R-OLFACTORY
1071,3092,1092,R,R-TTv,R-OLFACTORY
1072,3097,1097,R,R-TU,R-HYPOTHALAMUS
1073,3098,1098,R,R-uf,R-WHITE_MATTER
1074,3099,1099,R,R-UVU,R-CEREBELLUM
1075,3103,1103,R,R-V,R-CRANIAL_NERVES
1076,3104,1104,R,R-V3,R-CRANIAL_NERVES
1077,3105,1105,R,R-V4,R-CORTEX_VISUAL
1078,3106,1106,R,R-V4r,R-CORTEX_VISUAL
1079,3107,1107,R,R-VAL,R-VENTRICLES_CSF
1080,3109,1109,R,R-VCO,R-CORTEX_VISUAL
1081,3112,1112,R,R-vhc,R-WHITE_MATTER
1082,3113,1113,R,R-VI,R-CRANIAL_NERVES
1083,3114,1114,R,R-VII,R-CRANIAL_NERVES
1084,3116,1116,R,R-VIIn,R-MEDULLA
1085,3126,1126,R,R-VISal1,R-CORTEX_VISUAL
1086,3127,1127,R,R-VISal2-3,R-CORTEX_VISUAL
1087,3128,1128,R,R-VISal4,R-CORTEX_VISUAL
1088,3129,1129,R,R-VISal5,R-CORTEX_VISUAL
1089,3130,1130,R,R-VISal6a,R-CORTEX_VISUAL
1090,3133,1133,R,R-VISam1,R-CORTEX_VISUAL
1091,3134,1134,R,R-VISam2-3,R-CORTEX_VISUAL
1092,3135,1135,R,R-VISam4,R-CORTEX_VISUAL
1093,3136,1136,R,R-VISam5,R-CORTEX_VISUAL
1094,3137,1137,R,R-VISam6a,R-CORTEX_VISUAL
1095,3140,1140,R,R-VISC1,R-CORTEX_VISUAL
1096,3141,1141,R,R-VISC2-3,R-CORTEX_VISUAL
1097,3142,1142,R,R-VISC4,R-CORTEX_VISUAL
1098,3143,1143,R,R-VISC5,R-CORTEX_VISUAL
1099,3144,1144,R,R-VISC6a,R-CORTEX_VISUAL
1100,3147,1147,R,R-VISl1,R-CORTEX_VISUAL
1101,3148,1148,R,R-VISl23,R-CORTEX_VISUAL
1102,3149,1149,R,R-VISl4,R-CORTEX_VISUAL
1103,3150,1150,R,R-VISl5,R-CORTEX_VISUAL
1104,3151,1151,R,R-VISl6a,R-CORTEX_VISUAL
1105,3152,1152,R,R-VISl6b,R-CORTEX_VISUAL
1106,3154,1154,R,R-VISp1,R-CORTEX_VISUAL
1107,3155,1155,R,R-VISp2-3,R-CORTEX_VISUAL
1108,3156,1156,R,R-VISp4,R-CORTEX_VISUAL
1109,3157,1157,R,R-VISp5,R-CORTEX_VISUAL
1110,3158,1158,R,R-VISp6a,R-CORTEX_VISUAL
1111,3159,1159,R,R-VISp6b,R-CORTEX_VISUAL
1112,3161,1161,R,R-VISpl1,R-CORTEX_VISUAL
1113,3162,1162,R,R-VISpl2-3,R-CORTEX_VISUAL
1114,3164,1164,R,R-VISpl5,R-CORTEX_VISUAL
1115,3165,1165,R,R-VISpl6a,R-CORTEX_VISUAL
1116,3166,1166,R,R-VISpl6b,R-CORTEX_VISUAL
1117,3168,1168,R,R-VISpm1,R-CORTEX_VISUAL
1118,3169,1169,R,R-VISpm2-3,R-CORTEX_VISUAL
1119,3170,1170,R,R-VISpm4,R-CORTEX_VISUAL
1120,3171,1171,R,R-VISpm5,R-CORTEX_VISUAL
1121,3172,1172,R,R-VISpm6a,R-CORTEX_VISUAL
1122,3173,1173,R,R-VISpm6b,R-CORTEX_VISUAL
1123,3174,1174,R,R-VL,R-THALAMUS
1124,3175,1175,R,R-VLPO,R-THALAMUS
1125,3177,1177,R,R-VM,R-THALAMUS
1126,3178,1178,R,R-VMH,R-HYPOTHALAMUS
1127,3187,1187,R,R-VPL,R-THALAMUS
1128,3188,1188,R,R-VPLpc,R-THALAMUS
1129,3189,1189,R,R-VPM,R-THALAMUS
1130,3190,1190,R,R-VPMpc,R-THALAMUS
1131,3194,1194,R,R-VTA,R-MIDBRAIN
1132,3195,1195,R,R-vtd,R-WHITE_MATTER
1133,3196,1196,R,R-VTN,R-MIDBRAIN
1134,3197,1197,R,R-vVIIIn,R-MEDULLA
1135,3198,1198,R,R-x,R-MEDULLA
1136,3199,1199,R,R-XII,R-MEDULLA
1137,3203,1203,R,R-y,R-GLOBAL_MASKS
1138,3205,1205,R,R-ZI,R-THALAMUS
1139,3208,1208,R,R-VISa1,R-CORTEX_VISUAL
1140,3209,1209,R,R-VISa2-3,R-CORTEX_VISUAL
1141,3210,1210,R,R-VISa4,R-CORTEX_VISUAL
1142,3211,1211,R,R-VISa5,R-CORTEX_VISUAL
1143,3212,1212,R,R-VISa6a,R-CORTEX_VISUAL
1144,3213,1213,R,R-VISa6b,R-CORTEX_VISUAL
1145,3215,1215,R,R-VISli1,R-CORTEX_VISUAL
1146,3216,1216,R,R-VISli2-3,R-CORTEX_VISUAL
1147,3217,1217,R,R-VISli4,R-CORTEX_VISUAL
1148,3218,1218,R,R-VISli5,R-CORTEX_VISUAL
1149,3219,1219,R,R-VISli6a,R-CORTEX_VISUAL
1150,3220,1220,R,R-VISli6b,R-CORTEX_VISUAL
1151,3222,1222,R,R-VISpor1,R-CORTEX_VISUAL
1152,3223,1223,R,R-VISpor2-3,R-CORTEX_VISUAL
1153,3224,1224,R,R-VISpor4,R-CORTEX_VISUAL
1154,3225,1225,R,R-VISpor5,R-CORTEX_VISUAL
1155,3226,1226,R,R-VISpor6a,R-CORTEX_VISUAL
1156,3229,1229,R,R-VISrl1,R-CORTEX_VISUAL
1157,3230,1230,R,R-VISrl2-3,R-CORTEX_VISUAL
1158,3231,1231,R,R-VISrl4,R-CORTEX_VISUAL
1159,3232,1232,R,R-VISrl5,R-CORTEX_VISUAL
1160,3233,1233,R,R-VISrl6a,R-CORTEX_VISUAL
1161,3234,1234,R,R-VISrl6b,R-CORTEX_VISUAL
1162,3235,1235,R,R-APr,R-CORTEX_VISUAL
1163,3236,1236,R,R-ar,R-WHITE_MATTER
1164,3237,1237,R,R-ccb,R-CEREBELLUM
1165,3238,1238,R,R-or,R-WHITE_MATTER
1166,3239,1239,R,R-ProS,R-HIPPOCAMPAL FORMATION
1167,3248,1248,R,R-scwm,R-WHITE_MATTER
1168,3249,1249,R,R-stc,R-WHITE_MATTER
1169,3285,1285,R,R-LGd-sh,R-CORTEX_VISUAL
1170,3286,1286,R,R-LGd-co,R-THALAMUS_VISUAL
1171,3287,1287,R,R-LGd-ip,R-THALAMUS_VISUAL
1172,3288,1288,R,R-FRP5,R-CORTEX_MOTOR
1173,3289,1289,R,R-FRP6a,R-CORTEX_MOTOR
1174,3290,1290,R,R-FRP6b,R-CORTEX_MOTOR
1175,3292,1292,R,R-RPF,R-PONS
1176,3294,1294,R,R-MA3,R-MIDBRAIN
1177,3295,1295,R,R-P5,R-PONS
1178,3296,1296,R,R-Acs5,R-PONS
1179,3297,1297,R,R-PC5,R-PONS
1180,3300,1300,R,R-Eth,R-THALAMUS
1181,3302,1302,R,R-Xi,R-MEDULLA
1182,3303,1303,R,R-PIL,R-THALAMUS
1183,3304,1304,R,R-PoT,R-THALAMUS
1184,3305,1305,R,R-IntG,R-CEREBELLUM
1185,3306,1306,R,R-PeF,R-HYPOTHALAMUS
1186,3307,1307,R,R-VMPO,R-HYPOTHALAMUS
1187,3308,1308,R,R-HATA,R-HIPPOCAMPAL FORMATION
1188,3309,1309,R,R-VeCb,R-CEREBELLUM
1189,3310,1310,R,R-Pa5,R-PONS
1190,3311,1311,R,R-PDTg,R-MIDBRAIN
1191,3313,1313,R,R-Mml,R-HYPOTHALAMUS
1192,3314,1314,R,R-Mmm,R-HYPOTHALAMUS
1193,3315,1315,R,R-Mmp,R-HYPOTHALAMUS
1194,3316,1316,R,R-Mmd,R-HYPOTHALAMUS
1195,3318,1318,R,R-PN,R-PONS
1196,3319,1319,R,R-IPR,R-MIDBRAIN
1197,3320,1320,R,R-IPC,R-MIDBRAIN
1198,3321,1321,R,R-IPA,R-MIDBRAIN
1199,3322,1322,R,R-IPL,R-MIDBRAIN
1200,3323,1323,R,R-IPI,R-MIDBRAIN
1201,3325,1325,R,R-IPDL,R-MIDBRAIN
1202,3326,1326,R,R-IPRL,R-MIDBRAIN
1203,3327,1327,R,R-Su3,R-MEDULLA
